4.1.1 [[[0,0,0,0,1],[-120,-1250,-4375,-6250,-3125]]] [-40,1] [[[-1,3125]],[[1]],[[1]]]
4.1.2 [[[0,0,0,0,1],[-15120,-240000,-1040000,-1600000,-800000]]] [-288,1] [[[-1,800000]],[[1]],[[1]]]
4.1.3 [[[0,0,0,0,1],[-16,-128,-384,-512,-256]]] [-8,1] [[[-1,256]],[[1]],[[1]]]
4.1.4 [[[0,0,0,0,1],[-36,-324,-1053,-1458,-729]]] [-16,1] [[[-1,729]],[[1]],[[1]]]
4.1.5 [[[0,0,0,0,1],[-24,-204,-636,-864,-432]]] [-12,1] [[[-1,432]],[[1]],[[1]]]
4.1.6 [[[0,0,0,0,1],[-48,-448,-1472,-2048,-1024]]] [-22,1] [[[-1,1024]],[[1]],[[1]]]
4.1.7 [[[0,0,0,0,1],[-1680,-22528,-88064,-131072,-65536]]] [-148,1] [[[-1,65536]],[[1]],[[1]]]
4.1.8 [[[0,0,0,0,1],[-360,-4212,-15876,-23328,-11664]]] [-68,1] [[[-1,11664]],[[1]],[[1]]]
4.1.9 [[[0,0,0,0,1],[-55440,-953856,-3939840,-5971968,-2985984]]] [-484,1] [[[-1,2985984]],[[1]],[[1]]]
4.1.10 [[[0,0,0,0,1],[-144,-1536,-5632,-8192,-4096]]] [-36,1] [[[-1,4096]],[[1]],[[1]]]
4.1.11 [[[0,0,0,0,1],[-72,-708,-2436,-3456,-1728]]] [-26,1] [[[-1,1728]],[[1]],[[1]]]
4.1.12 [[[0,0,0,0,1],[-720,-9024,-36672,-55296,-27648]]] [-78,1] [[[-1,27648]],[[1]],[[1]]]
4.1.13 [[[0,0,0,0,1],[-3600,-51840,-238464,-373248,-186624]]] [-120,1] [[[-1,186624]],[[1]],[[1]]]
4.1.14 [[[0,0,0,0,1],[-240,-2688,-9600,-13824,-6912]]] [-64,1] [[[-1,6912]],[[1]],[[1]]]
4.2.1 [[[0,0,0,0,1],[-8,-60,-172,-224,-112],[-1152,-6144,-11264,-8192,-2048]]] [-5,1] [[[-1,112,2048]],[[1]],[[1]]]
4.2.2 [[[0,0,0,0,1],[-12,-96,-285,-378,-189],[-2880,-16848,-31752,-23328,-5832]]] [-9,1] [[[-1,189,5832]],[[1]],[[1]]]
4.2.3 [[[0,0,0,0,1],[-24,-212,-660,-896,-448],[-13440,-90112,-176128,-131072,-32768]]] [-19,1] [[[-1,448,32768]],[[1]],[[1]]]
4.2.4 [[[0,0,0,0,1],[-120,-1284,-4308,-6048,-3024],[-443520,-3815424,-7879680,-5971968,-1492992]]] [-61,1] [[[-1,3024,1492992]],[[1]],[[1]]]
4.2.5 [[[0,0,0,0,1],[-12,-92,-268,-352,-176],[-144,-768,-1408,-1024,-256]]] [-6,1] [[[-1,176,256]],[[1]],[[1]]]
4.2.6 [[[0,0,0,0,1],[-18,-147,-444,-594,-297],[-360,-2106,-3969,-2916,-729]]] [-10,1] [[[-1,297,729]],[[1]],[[1]]]
4.2.7 [[[0,0,0,0,1],[-36,-324,-1028,-1408,-704],[-1680,-11264,-22016,-16384,-4096]]] [-20,1] [[[-1,704,4096]],[[1]],[[1]]]
4.2.8 [[[0,0,0,0,1],[-180,-1956,-6708,-9504,-4752],[-55440,-476928,-984960,-746496,-186624]]] [-62,1] [[[-1,4752,186624]],[[1]],[[1]]]
4.2.9 [[[0,0,0,0,1],[-12,-88,-248,-320,-160],[1296,6912,12672,9216,2304]]] [-14,3] [[[1,-160,2304]],[[1]],[[1]]]
4.2.10 [[[0,0,0,0,1],[-18,-141,-411,-540,-270],[3240,18954,35721,26244,6561]]] [-26,3] [[[1,-270,6561]],[[1]],[[1]]]
4.2.11 [[[0,0,0,0,1],[-36,-312,-952,-1280,-640],[15120,101376,198144,147456,36864]]] [-56,3] [[[1,-640,36864]],[[1]],[[1]]]
4.2.12 [[[0,0,0,0,1],[-180,-1896,-6216,-8640,-4320],[498960,4292352,8864640,6718464,1679616]]] [-182,3] [[[1,-4320,1679616]],[[1]],[[1]]]
4.2.13 [[[0,0,0,0,1],[-16,-112,-304,-384,-192],[4608,24576,45056,32768,8192]]] [-11,4] [[[1,-192,8192]],[[1]],[[1]]]
4.2.14 [[[0,0,0,0,1],[-24,-180,-504,-648,-324],[11520,67392,127008,93312,23328]]] [-27,4] [[[1,-324,23328]],[[1]],[[1]]]
4.2.15 [[[0,0,0,0,1],[-48,-400,-1168,-1536,-768],[53760,360448,704512,524288,131072]]] [-67,4] [[[1,-768,131072]],[[1]],[[1]]]
4.2.16 [[[0,0,0,0,1],[-240,-2448,-7632,-10368,-5184],[1774080,15261696,31518720,23887872,5971968]]] [-235,4] [[[1,-5184,5971968]],[[1]],[[1]]]
4.2.17 [[[0,0,0,0,1],[-48,-320,-832,-1024,-512],[36864,196608,360448,262144,65536]]] [6,1] [[[1]],[[1,-512,65536]],[[1]]]
4.2.18 [[[0,0,0,0,1],[-72,-516,-1380,-1728,-864],[92160,539136,1016064,746496,186624]]] [2,1] [[[1]],[[1,-864,186624]],[[1]]]
4.2.19 [[[0,0,0,0,1],[-720,-7104,-20928,-27648,-13824],[14192640,122093568,252149760,191102976,47775744]]] [-50,1] [[[1]],[[1,-13824,47775744]],[[1]]]
4.2.20 [[[0,0,0,0,1],[-12,-84,-228,-288,-144],[3888,20736,38016,27648,6912]]] [-10,3] [[[1,-144,6912]],[[1]],[[1]]]
4.2.21 [[[0,0,0,0,1],[-18,-135,-378,-486,-243],[9720,56862,107163,78732,19683]]] [-22,3] [[[1,-243,19683]],[[1]],[[1]]]
4.2.22 [[[0,0,0,0,1],[-36,-300,-876,-1152,-576],[45360,304128,594432,442368,110592]]] [-52,3] [[[1,-576,110592]],[[1]],[[1]]]
4.2.23 [[[0,0,0,0,1],[-180,-1836,-5724,-7776,-3888],[1496880,12877056,26593920,20155392,5038848]]] [-178,3] [[[1,-3888,5038848]],[[1]],[[1]]]
4.2.24 [[[0,0,0,0,1],[-24,-164,-436,-544,-272],[10368,55296,101376,73728,18432]]] [-1,3] [[[1,-272,18432]],[[1]],[[1]]]
4.2.25 [[[0,0,0,0,1],[-36,-264,-723,-918,-459],[25920,151632,285768,209952,52488]]] [-13,3] [[[1,-459,52488]],[[1]],[[1]]]
4.2.26 [[[0,0,0,0,1],[-72,-588,-1676,-2176,-1088],[120960,811008,1585152,1179648,294912]]] [-43,3] [[[1,-1088,294912]],[[1]],[[1]]]
4.2.27 [[[0,0,0,0,1],[-360,-3612,-10956,-14688,-7344],[3991680,34338816,70917120,53747712,13436928]]] [-169,3] [[[1,-7344,13436928]],[[1]],[[1]]]
4.2.28 [[[0,0,0,0,1],[-84,-552,-1416,-1728,-864],[104976,559872,1026432,746496,186624]]] [14,1] [[[1]],[[1,-864,186624]],[[1]]]
4.2.29 [[[0,0,0,0,1],[-126,-891,-2349,-2916,-1458],[262440,1535274,2893401,2125764,531441]]] [10,1] [[[1]],[[1,-1458,531441]],[[1]]]
4.2.30 [[[0,0,0,0,1],[-1260,-12312,-35640,-46656,-23328],[40415760,347680512,718035840,544195584,136048896]]] [-42,1] [[[1]],[[1,-23328,136048896]],[[1]]]
4.2.31 [[[0,0,0,0,1],[-208,-1344,-3392,-4096,-2048],[589824,3145728,5767168,4194304,1048576]]] [34,1] [[[1]],[[1,-2048,1048576]],[[1]]]
4.2.32 [[[0,0,0,0,1],[-312,-2172,-5628,-6912,-3456],[1474560,8626176,16257024,11943936,2985984]]] [30,1] [[[1]],[[1,-3456,2985984]],[[1]]]
4.2.33 [[[0,0,0,0,1],[-624,-4864,-13056,-16384,-8192],[6881280,46137344,90177536,67108864,16777216]]] [20,1] [[[1]],[[1,-8192,16777216]],[[1]]]
4.2.34 [[[0,0,0,0,1],[-3120,-30144,-85440,-110592,-55296],[227082240,1953497088,4034396160,3057647616,764411904]]] [-22,1] [[[1]],[[1,-55296,764411904]],[[1]]]
4.2.35 [[[0,0,0,0,1],[-1488,-9408,-23232,-27648,-13824],[26873856,143327232,262766592,191102976,47775744]]] [118,1] [[[1]],[[1,-13824,47775744]],[[1]]]
4.2.36 [[[0,0,0,0,1],[-2232,-15228,-38556,-46656,-23328],[67184640,393030144,740710656,544195584,136048896]]] [114,1] [[[1]],[[1,-23328,136048896]],[[1]]]
4.2.37 [[[0,0,0,0,1],[-4464,-34176,-89472,-110592,-55296],[313528320,2102132736,4108713984,3057647616,764411904]]] [104,1] [[[1]],[[1,-55296,764411904]],[[1]]]
4.2.38 [[[0,0,0,0,1],[-22320,-212544,-585792,-746496,-373248],[10346434560,89006211072,183817175040,139314069504,34828517376]]] [62,1] [[[1]],[[1,-373248,34828517376]],[[1]]]
4.2.40 [[[0,0,0,0,1],[-1824880,-8480000,-14880000,-12800000,-6400000],[9225216000000,38912000000000,60416000000000,40960000000000,10240000000000]]] [580,1] [[[1]],[[1,-6400000,10240000000000]],[[1]]]
4.2.41 [[[0,0,0,0,1],[-1746,-7938,-13770,-11664,-5832],[8266860,33539832,50782140,34012224,8503056]]] [36,1] [[[1]],[[1,-5832,8503056]],[[1]]]
4.2.46 [[[0,0,0,0,1],[-6870384,-31767552,-55655424,-47775744,-23887872],[130026464870400,544872805171200,843066831273984,570630428688384,142657607172096]]] [972,1] [[[1]],[[1,-23887872,142657607172096]],[[1]]]
4.2.47 [[[0,0,0,0,1],[-9584,-44032,-76800,-65536,-32768],[251658240,1040187392,1593835520,1073741824,268435456]]] [76,1] [[[1]],[[1,-32768,268435456]],[[1]]]
4.2.50 [[[0,0,0,0,1],[-421488,-1969920,-3462912,-2985984,-1492992],[495338913792,2105190383616,3281620303872,2229025112064,557256278016]]] [244,1] [[[1]],[[1,-1492992,557256278016]],[[1]]]
4.2.51 [[[0,0,0,0,1],[-16272,-74496,-129792,-110592,-55296],[722534400,2972712960,4544004096,3057647616,764411904]]] [132,1] [[[1]],[[1,-55296,764411904]],[[1]]]
4.2.52 [[[0,0,0,0,1],[-8,-52,-132,-160,-80],[768,3584,5888,4096,1024]]] [-8,3] [[[1,-80,1024]],[[1]],[[1]]]
4.2.53 [[[0,0,0,0,1],[-10,-74,-210,-272,-136],[12,56,92,64,16]]] [-29,6] [[[1,-136,16]],[[1]],[[1]]]
4.2.54 [[[0,0,0,0,1],[-6,-38,-94,-112,-56],[972,4536,7452,5184,1296]]] [-5,2] [[[1,-56,1296]],[[1]],[[1]]]
4.2.55 [[[0,0,0,0,1],[-8,-56,-152,-192,-96],[192,896,1472,1024,256]]] [-29,8] [[[1,-96,256]],[[1]],[[1]]]
4.2.56 [[[0,0,0,0,1],[-6,-42,-114,-144,-72],[-324,-1512,-2484,-1728,-432]]] [-10,3] [[[-1,72,432]],[[1]],[[1]]]
4.2.57 [[[0,0,0,0,1],[-10,-62,-150,-176,-88],[1500,7000,11500,8000,2000]]] [-2,1] [[[1,-88,2000]],[[1]],[[1]]]
4.2.58 [[[0,0,0,0,1],[-30,-174,-390,-432,-216],[8748,40824,67068,46656,11664]]] [1,1] [[[1]],[[1,-216,11664]],[[1]]]
4.2.59 [[[0,0,0,0,1],[-624,-3360,-6816,-6912,-3456],[2239488,10450944,17169408,11943936,2985984]]] [27,1] [[[1]],[[1,-3456,2985984]],[[1]]]
4.2.60 [[[0,0,0,0,1],[-4,-28,-76,-96,-48],[-720,-3456,-5824,-4096,-1024]]] [-16,5] [[[-1,48,1024]],[[1]],[[1]]]
4.2.61 [[[0,0,0,0,1],[-8,-58,-162,-208,-104],[-288,-1416,-2436,-1728,-432]]] [-29,7] [[[-1,104,432]],[[1]],[[1]]]
4.2.62 [[[0,0,0,0,1],[-6,-40,-105,-130,-65],[60,248,380,256,64]]] [-16,7] [[[1,-65,64]],[[1]],[[1]]]
4.2.63 [[[0,0,0,0,1],[-24,-124,-252,-256,-128],[3840,15872,24320,16384,4096]]] [2,1] [[[1]],[[1]],[[1,-128,4096]]]
4.2.64 [[[0,0,0,0,1],[-6,-34,-77,-86,-43],[420,1704,2580,1728,432]]] [-8,11] [[[1,-43,432]],[[1]],[[1]]]
4.2.65 [[[0,0,0,0,1],[12,76,188,224,112],[2160,10368,17472,12288,3072]]] [-16,9] [[[1,112,3072]],[[1]],[[1]]]
4.2.69 [[[0,0,0,0,1],[-8,-46,-105,-118,-59],[768,3264,5088,3456,864]]] [-4,5] [[[1,-59,864]],[[1]],[[1]]]
4.2.71 [[[0,0,0,0,1],[-32,-192,-448,-512,-256],[11520,55296,93184,65536,16384]]] [5,2] [[[1]],[[1,-256,16384]],[[1]]]
4.3.2 [[[0,0,0,0,1],[360,2484,7236,9504,4752],[3732480,20155392,39937536,29859840,7464960],[6046617600,29023764480,44503105536,23219011584,3869835264]]] [160,3] [[[1,1296]],[[1,3456,2985984]],[[1]]]
4.3.3 [[[0,0,0,0,1],[72,452,1156,1408,704],[110592,528384,919552,655360,163840],[26542080,110886912,150208512,75497472,12582912]]] [34,3] [[[1,192]],[[1,512,65536]],[[1]]]
4.3.4 [[[0,0,0,0,1],[36,216,513,594,297],[23328,104976,169128,116640,29160],[2361960,9211644,11573604,5668704,944784]]] [4,3] [[[1,81]],[[1,216,11664]],[[1]]]
4.3.5 [[[0,0,0,0,1],[-14,-106,-310,-408,-204],[1244,5656,9164,6336,1584],[-7840,-30576,-38416,-18816,-3136]]] [-44,9] [[[-1,196]],[[1,-8,16]],[[1]]]
4.3.7 [[[0,0,0,0,1],[18,54,-54,-216,-108],[-49572,-215784,-341172,-233280,-58320],[-9447840,-36846576,-46294416,-22674816,-3779136]]] [4,3] [[[-1,324]],[[1]],[[1,216,11664]]]
4.3.8 [[[0,0,0,0,1],[4,20,35,30,15],[-1696,-7616,-12256,-8448,-2112],[-125440,-489216,-614656,-301056,-50176]]] [-2,1] [[[-1,49]],[[1,64,1024]],[[1]]]
4.3.9 [[[0,0,0,0,1],[-8,-60,-173,-226,-113],[-736,-3376,-5496,-3808,-952],[-4840,-18876,-23716,-11616,-1936]]] [-4,1] [[[-1,121]],[[1,8,16]],[[1]]]
4.3.10 [[[0,0,0,0,1],[-18,-114,-286,-344,-172],[6732,30456,49212,33984,8496],[-324000,-1263600,-1587600,-777600,-129600]]] [-4,3] [[[-1,100]],[[1,-72,1296]],[[1]]]
4.3.11 [[[0,0,0,0,1],[-108,-636,-1501,-1730,-865],[204192,907200,1451232,997632,249408],[-59927040,-233715456,-293642496,-143824896,-23970816]]] [22,3] [[[-1,289]],[[1,-576,82944]],[[1]]]
4.3.15 [[[0,0,0,0,1],[8,72,240,336,168],[-4928,-22144,-35648,-24576,-6144],[128000,499200,627200,307200,51200]]] [-29,8] [[[1,200]],[[1,-32,256]],[[1]]]
4.3.16 [[[0,0,0,0,1],[-114,-658,-1502,-1688,-844],[187596,839160,1347516,927936,231984],[-51438240,-200609136,-252047376,-123451776,-20575296]]] [8,1] [[[-1,196]],[[1]],[[1,-648,104976]]]
4.3.17 [[[0,0,0,0,1],[-104,-628,-1540,-1824,-912],[223232,987136,1574912,1081344,270336],[-65536000,-255590400,-321126400,-157286400,-26214400]]] [20,3] [[[-1,400]],[[1]],[[1,-512,65536]]]
4.3.18 [[[0,0,0,0,1],[-50,-466,-1630,-2328,-1164],[7628,33784,53948,37056,9264],[-46240,-180336,-226576,-110976,-18496]]] [-32,3] [[[-1,1156]],[[1]],[[1,-8,16]]]
4.3.19 [[[0,0,0,0,1],[-190,-1106,-2590,-2968,-1484],[605500,2679000,4275500,2936000,734000],[-302500000,-1179750000,-1482250000,-726000000,-121000000]]] [12,1] [[[-1,484]],[[1]],[[1,-1000,250000]]]
4.3.20 [[[0,0,0,0,1],[-70,-414,-975,-1122,-561],[84868,379064,608188,418656,104664],[-16230760,-63299964,-79530724,-38953824,-6492304]]] [32,7] [[[-1,169]],[[1,-392,38416]],[[1]]]
4.3.24 [[[0,0,0,0,1],[2,14,38,48,24],[-612,-2760,-4388,-3008,-752],[5040,18816,22400,10752,1792]]] [-37,14] [[[1,24,-752,1792]],[[1]],[[1]]]
4.3.25 [[[0,0,0,0,1],[6,38,94,112,56],[396,1752,2732,1856,464],[10800,40320,48000,23040,3840]]] [-38,15] [[[1,56,464,3840]],[[1]],[[1]]]
4.3.26 [[[0,0,0,0,1],[70,322,586,528,264],[33500,112600,147500,91200,22800],[2800000,8040000,8440000,3840000,640000]]] [4,5] [[[1,64]],[[1,200,10000]],[[1]]]
4.3.31 [[[0,0,0,0,1],[-8,-52,-132,-160,-80],[768,3392,5280,3584,896],[-7920,-29568,-35200,-16896,-2816]]] [-32,11] [[[-1,80,-896,2816]],[[1]],[[1]]]
4.3.32 [[[0,0,0,0,1],[16,-32,-416,-768,-384],[-99328,-321536,-406528,-245760,-61440],[-8388608,-25165824,-27262976,-12582912,-2097152]]] [-1,1] [[[-1,512]],[[1,128,4096]],[[1]]]
4.3.33 [[[0,0,0,0,1],[44,196,340,288,144],[8624,29440,39296,24576,6144],[313600,860160,876544,393216,65536]]] [4,3] [[[1,16]],[[1,128,4096]],[[1]]]
4.3.34 [[[0,0,0,0,1],[-48,-288,-688,-800,-400],[43008,192512,309248,212992,53248],[-5898240,-23003136,-28901376,-14155776,-2359296]]] [5,2] [[[-1,144]],[[1,-256,16384]],[[1]]]
4.4.5 [[[0,0,0,0,1],[-180,-804,-1380,-1152,-576],[21744,190080,371520,276480,69120],[27060480,62954496,56816640,23887872,3981312],[716636160,1481048064,1134673920,382205952,47775744]]] [32,3] [[[1]],[[1,-576,69120,3981312,47775744]],[[1]]]
4.4.6 [[[0,0,0,0,1],[-228,-1004,-1708,-1408,-704],[436400,1208960,1356096,751616,187904],[-154656000,-358272000,-322176000,-135168000,-22528000],[15360000000,31744000000,24320000000,8192000000,1024000000]]] [8,1] [[[1]],[[1,-704,187904,-22528000,1024000000]],[[1]]]
4.4.7 [[[0,0,0,0,1],[-342,-1518,-2598,-2160,-1080],[744876,2202552,2640924,1539648,384912],[-342011808,-796137984,-718875648,-302330880,-50388480],[32424986880,67238387712,51638114304,17414258688,2176782336]]] [52,3] [[[1]],[[1,-1080,384912,-50388480,2176782336]],[[1]]]
4.4.15 [[[0,0,0,0,1],[-568,-2516,-4308,-3584,-1792],[3928704,10396160,11063552,5865472,1466368],[-4010176512,-9360064512,-8470904832,-3567255552,-594542592],[1625330810880,3384815910912,2607409004544,880602513408,110075314176]]] [37,1] [[[1]],[[1,-1792,1466368,-594542592,110075314176]],[[1]]]
4.4.16 [[[0,0,0,0,1],[-944,-4240,-7312,-6144,-3072],[2994688,10887168,15405056,9961472,2490368],[-1347158016,-3155165184,-2863661056,-1207959552,-201326592],[63417876480,132070244352,101737037824,34359738368,4294967296]]] [157,4] [[[1]],[[1,-3072,2490368,-201326592,4294967296]],[[1]]]
4.4.23 [[[0,0,0,0,1],[-4716,-21276,-36828,-31104,-15552],[13394160,132969600,268038720,201553920,50388480],[517938147072,1219542303744,1111791578112,470184984576,78364164096],[370270675353600,775805224550400,600191132811264,203119913336832,25389989167104]]] [368,3] [[[1]],[[1,-15552,50388480,78364164096,25389989167104]],[[1]]]
4.4.24 [[[0,0,0,0,1],[-6012,-26580,-45588,-38016,-19008],[309807792,866111616,980983872,547928064,136982016],[-2960953056000,-6941013120000,-6304438656000,-2660511744000,-443418624000],[7936185600000000,16628198400000000,12864178944000000,4353564672000000,544195584000000]]] [120,1] [[[1]],[[1,-19008,136982016,-443418624000,544195584000000]],[[1]]]
4.4.33 [[[0,0,0,0,9],[-72,-612,-1956,-2688,-2496],[-72192,-428544,-822272,-475136,16384],[983040,9437184,30605312,37748736,9437184],[-16777216,-134217728,-402653184,-536870912,-268435456]]] [-22,3] [[[-1,192,16384]],[[9,-768,16384]],[[1]]]
4.4.34 [[[0,0,0,0,169],[-3380,-28054,-86827,-117546,-59397],[-33904,-185536,-286368,-28384,102176],[6656,79872,279296,319488,17152],[-4096,-32768,-98304,-131072,-65536]]] [-120,13] [[[-1,349,256]],[[169,-416,256]],[[1]]]
4.4.35 [[[0,0,0,0,1],[-16,-96,-208,-224,-368],[0,8192,36864,49152,43008],[262144,851968,196608,-1572864,-1310720],[-25165824,-117440512,-192937984,-134217728,-33554432]]] [5,2] [[[1,16]],[[-1,384,-49152,2097152]],[[1]]]
4.4.36 [[[0,0,0,0,49],[-2352,-22050,-74718,-105336,-53424],[-40320,-247296,-309084,457056,524448],[6048,154224,722304,653184,-1181952],[-31104,-264384,-824256,-1119744,-559872]]] [-120,7] [[[-1,1080,432]],[[49,-504,1296]],[[1]]]
4.4.37 [[[0,0,0,0,1],[0,-4,-20,-32,-16],[-1152,-5184,-8224,-5632,-1408],[-54000,-201600,-240000,-115200,-19200],[-510720,-1712128,-1673216,-622592,-77824]]] [-32,11] [[[-1,16,1408,19200,77824]],[[1]],[[1]]]
4.4.38 [[[0,0,0,0,1],[2320,31616,174208,285184,-17152],[183107584,1864892416,5932843008,-15252586496,-6696206336],[338497110016,1340029796352,-1702954532864,5360119185408,255108172480512],[-2973079441506304,-23784635532050432,-71353906596151296,-95138542128201728,-47569271064100864]]] [48,1] [[[-1,-89344,16777216]],[[1,-106496,2835349504]],[[1]]]
4.4.39 [[[0,0,0,0,25],[700,6100,19620,27040,13760],[-4240,-20160,1536,112128,93696],[5120,30720,70656,122880,180224],[4096,32768,98304,131072,65536]]] [-58,5] [[[1,544,256]],[[25,160,256]],[[1]]]
4.4.40 [[[0,0,0,0,1],[208,2368,9792,14848,11264],[-495616,-3981312,-6684672,19267584,23986176],[36700160,125829120,-314572800,503316480,14428405760],[6710886400,53687091200,161061273600,214748364800,107374182400]]] [-22,1] [[[1,8704,65536]],[[1,2560,1638400]],[[1]]]
4.4.41 [[[0,0,0,0,1],[-16,-160,-608,-896,-320],[-25600,-137216,-267264,-245760,-86016],[-2555904,-13828096,-26148864,-20447232,-6029312],[-75497472,-402653184,-738197504,-536870912,-134217728]]] [-1,1] [[[-1,512]],[[1,192,12288,262144]],[[1]]]
4.4.42 [[[0,0,0,0,25],[-200,-1550,-4545,-5990,-2035],[-87040,-518400,-1069824,-895872,-269184],[-409600,-3932160,-12619776,-15728640,-5681152],[-2097152,-16777216,-50331648,-67108864,-33554432]]] [-32,5] [[[-1,107,8192]],[[25,640,4096]],[[1]]]
4.4.43 [[[0,0,0,0,1],[-784,-16768,-153216,-272896,355072],[17825792,1849688064,17012097024,-46858764288,35282485248],[-16578573762560,-131941395333120,-381393095884800,-527765581332480,559376540631040],[-900719925474099200,-7205759403792793600,-21617278211378380800,-28823037615171174400,-14411518807585587200]]] [160,1] [[[-1,-27392,536870912]],[[1,327680,26843545600]],[[1]]]
4.4.44 [[[0,0,0,0,25],[-600,-5250,-16895,-23290,-13085],[-165120,-1038720,-1974144,-935232,129216],[921600,9400320,32044032,39813120,8801280],[-7077888,-60162048,-187564032,-254803968,-127401984]]] [-12,1] [[[-1,485,13824]],[[25,-960,9216]],[[1]]]
4.4.45 [[[0,0,0,0,1],[-48,-384,-1136,-1504,-1328],[61440,436224,1069056,1173504,620544],[-6488064,-60162048,-196411392,-254803968,-119734272],[452984832,3850371072,12004098048,16307453952,8153726976]]] [-9,2] [[[1,-944,221184]],[[1,-384,36864]],[[1]]]
4.4.46 [[[0,0,0,0,1],[-48,-432,-1456,-2048,-736],[30720,195072,354816,24576,-113664],[737280,7520256,25804800,31850496,2064384],[28311552,240648192,750256128,1019215872,509607936]]] [-39,4] [[[1,-928,55296]],[[1,192,9216]],[[1]]]
4.4.47 [[[0,0,0,0,1],[-144,-1536,-6288,-9504,432],[92160,497664,-1492992,-22394880,-8957952],[-398131200,-3439853568,-10749542400,-15479341056,-14189395968],[-220150628352,-1981355655168,-6439405879296,-8916100448256,-4458050224128]]] [-9,2] [[[-1,3024,1492992]],[[1,3456,2985984]],[[1]]]
4.4.48 [[[0,0,0,0,1],[-48,-480,-1760,-2560,-2432],[-76800,-522240,-918528,540672,1314816],[5898240,60162048,212336640,254803968,-160432128],[-905969664,-7700742144,-24008196096,-32614907904,-16307453952]]] [-15,1] [[[-1,1664,110592]],[[1,-768,147456]],[[1]]]
4.4.49 [[[0,0,0,0,1],[-240,-1152,3200,8704,-41728],[2457600,44433408,228851712,-20447232,602406912],[-71722598400,-616059371520,-1987093463040,-2609192632320,-3466843914240],[371085174374400,3154223982182400,9833757120921600,13359066277478400,6679533138739200]]] [48,1] [[[1,-11008,28311552]],[[1,-30720,235929600]],[[1]]]
4.4.50 [[[0,0,0,0,1],[32,288,960,1344,768],[-4352,-25600,-36864,26624,41984],[-16384,-196608,-720896,-786432,458752],[-262144,-2097152,-6291456,-8388608,-4194304]]] [-23,2] [[[-1,-704,4096]],[[1,64,1024]],[[1]]]
4.4.51 [[[0,0,0,0,1],[-112,-1152,-4480,-6656,-1792],[94208,655360,884736,-3670016,-2686976],[-8388608,-50331648,-100663296,-201326592,-805306368],[-1073741824,-8589934592,-25769803776,-34359738368,-17179869184]]] [-8,1] [[[-1,2816,65536]],[[1,1024,262144]],[[1]]]
4.4.52 [[[0,0,0,0,1],[-80,-704,-2496,-3584,-256],[180224,1081344,1966080,-786432,-786432],[20971520,201326592,654311424,805306368,-67108864],[4294967296,34359738368,103079215104,137438953472,68719476736]]] [6,1] [[[1,-1280,262144]],[[1,1024,262144]],[[1]]]
4.4.53 [[[0,0,0,0,1],[-1488,-17472,-92224,-149504,54272],[127008768,1019609088,3050569728,-5976883200,-767557632],[706052358144,6899864961024,22678232629248,29222957481984,-48975512076288],[11637231068381184,98916464081240064,308386623312101376,418940318461722624,209470159230861312]]] [90,1] [[[1,-31744,113246208]],[[1,86016,1849688064]],[[1]]]
4.4.54 [[[0,0,0,0,1],[-48,-576,-2880,-4608,4608],[663552,5062656,12926976,-3538944,7077888],[651165696,5775556608,18459131904,24461180928,8153726976],[521838526464,4435627474944,13828720951296,18786186952704,9393093476352]]] [6,1] [[[1,0,1769472]],[[1,4608,5308416]],[[1]]]
4.4.55 [[[0,0,0,0,1],[-10608,-61440,49152,221184,-884736],[-350355456,15627976704,124004597760,-24461180928,269072990208],[-632272604626944,-5748573207527424,-20063647665487872,-24346898290704384,-32462531054272512],[74793671549043867648,635746208166872875008,1982032296049662492672,2692572175765579235328,1346286087882789617664]]] [300,1] [[[1]],[[1,-884736,269072990208,-32462531054272512,1346286087882789617664]],[[1]]]
4.4.56 [[[0,0,0,0,1],[-208,-2368,-11584,-18432,9216],[786432,7471104,21757952,-130023424,-4194304],[-5033164800,-38654705664,-111937585152,-154618822656,-167503724544],[-9895604649984,-79164837199872,-237494511599616,-316659348799488,-158329674399744]]] [34,1] [[[-1,3072,4194304]],[[1,12288,37748736]],[[1]]]
4.4.57 [[[0,0,0,0,1],[-72,-600,-1923,-2646,-837],[143856,905904,1781190,831060,-34992],[7243344,72275976,242652024,306110016,71567388],[459165024,3902902704,12167873136,16529940864,8264970432]]] [0,1] [[[1,-1161,314928]],[[1,324,26244]],[[1]]]
4.4.58 [[[0,0,0,0,25],[-300,-2900,-10420,-15040,-26960],[-758160,-4847040,-9465984,-2322432,7382016],[67184640,604661760,1941636096,2418647040,-134369280],[-6530347008,-52242776064,-156728328192,-208971104256,-104485552128]]] [-44,5] [[[-1,560,62208]],[[25,-12960,1679616]],[[1]]]
4.4.59 [[[0,0,0,0,1],[36,324,1124,1600,80],[-1872,-30144,-188544,-632832,-273408],[2903040,22394880,65203200,89579520,62115840],[-223948800,-1791590400,-5374771200,-7166361600,-3583180800]]] [-44,9] [[[-1,-560,62208]],[[1,-480,57600]],[[1]]]
4.4.60 [[[0,0,0,0,1],[-432,-4416,-16960,-25088,-7936],[7962624,63995904,154337280,74711040,-3145728],[5096079360,53452210176,192216563712,260919263232,61001957376],[2783138807808,27367531610112,94162862997504,133590662774784,66795331387392]]] [6,1] [[[1,-11008,28311552]],[[1,3072,2359296]],[[1]]]
4.4.61 [[[0,0,0,0,1],[-528,-6272,-28032,-43520,-6400],[5799936,48627712,104333312,-206045184,-139984896],[2264924160,28185722880,116098334720,128849018880,-393257943040],[5153960755200,48103633715200,158054796492800,219902325555200,109951162777600]]] [-8,1] [[[1,-16640,4194304]],[[1,10240,26214400]],[[1]]]
4.4.62 [[[0,0,0,0,9],[-1512,-16596,-64164,-95136,-55632],[-1128960,-8615424,-13438976,26054656,30232576],[12386304,231211008,1151926272,1056964608,-4130603008],[-2466250752,-23018340352,-75631689728,-105226698752,-52613349376]]] [-92,3] [[[-1,5584,65536]],[[9,-5376,802816]],[[1]]]
4.4.63 [[[0,0,0,0,1],[528,13952,130944,233984,-300800],[312213504,3958374400,19652411392,-28290580480,26671579136],[-20863877382144,-196262825558016,-654355447414784,-897201488265216,-731020613648384],[976155219232555008,9110782046170513408,29935426723131686912,41649289353922347008,20824644676961173504]]] [104,1] [[[1,-22272,1073741824]],[[1,-278528,19394461696]],[[1]]]
4.4.64 [[[0,0,0,0,1],[272,2944,14464,23040,-13056],[6029312,42991616,113246208,-155189248,20971520],[-11811160064,-103079215104,-317827579904,-412316860416,85899345920],[35184372088832,281474976710656,844424930131968,1125899906842624,562949953421312]]] [48,1] [[[1,3328,8388608]],[[1,-16384,67108864]],[[1]]]
4.4.65 [[[0,0,0,0,1],[-16,-128,-400,-544,-80],[16384,96256,184320,96256,10240],[327680,3145728,10158080,12582912,3342336],[8388608,67108864,201326592,268435456,134217728]]] [-9,2] [[[1,-208,32768]],[[1,128,4096]],[[1]]]
4.4.66 [[[0,0,0,0,1],[240,2560,9456,13792,5936],[1628160,13957120,33556480,21186560,2293760],[-221184000,-2457600000,-9065267200,-12288000000,-3422617600],[25165824000,262144000000,917504000000,1310720000000,655360000000]]] [-65,2] [[[1,6576,6400000]],[[1,-640,102400]],[[1]]]
4.4.67 [[[0,0,0,0,1],[-18192,-298368,-2577024,-4557312,3914496],[61483253760,708682186752,4366371127296,-9176113741824,3434983981056],[19011157339668480,169571081282125824,511336816029204480,718183403077238784,-673764507704623104],[13727836355353726943232,116686609020506679017472,363787663416873763995648,494202108792734169956352,247101054396367084978176]]] [384,1] [[[1,-214272,57982058496]],[[1,4128768,4261681299456]],[[1]]]
4.4.68 [[[0,0,0,0,25],[-1800,-17850,-63615,-91530,-52245],[-213120,-1244160,69984,10240992,9051264],[-8709120,-67184640,-186437376,-302330880,-458535168],[214990848,1934917632,6288482304,8707129344,4353564672]]] [-102,5] [[[1,-1917,23328]],[[25,-4320,186624]],[[1]]]
4.4.69 [[[0,0,0,0,1],[-24,-184,-545,-722,-289],[11232,63360,116664,65616,5136],[72576,746496,2449152,2985984,801216],[746496,5971968,17915904,23887872,11943936]]] [-32,9] [[[1,-337,20736]],[[1,48,576]],[[1]]]
4.4.70 [[[0,0,0,0,1],[-5136,-60544,-368000,-614912,356096],[1974730752,15712911360,61209575424,-130572877824,12117344256],[49313740750848,450868486864896,1308771024371712,1803473947459584,-3619472019554304],[4155203974946881536,33241631799575052288,99724895398725156864,132966527198300209152,66483263599150104576]]] [216,1] [[[1,-86272,1358954496]],[[1,442368,48922361856]],[[1]]]
4.4.71 [[[0,0,0,0,1],[-12,-68,-148,-160,-208],[1968,11008,24192,24576,15360],[-152832,-720896,-1327104,-1179648,-458752],[3686400,15728640,24641536,16777216,4194304]]] [4,3] [[[-1,16]],[[-1,192,-12288,262144]],[[1]]]
4.4.72 [[[0,0,0,0,1],[-12,-92,-268,-352,-320],[7344,46656,104448,99840,44544],[-165888,-1492992,-4709376,-5971968,-2506752],[2985984,23887872,71663616,95551488,47775744]]] [-58,9] [[[1,-224,20736]],[[1,-96,2304]],[[1]]]
4.4.73 [[[0,0,0,0,1],[-48,64,3392,6656,-17408],[995328,11943936,49545216,-24772608,102629376],[-6879707136,-55037657088,-168170618880,-220150628352,-244611809280],[15850845241344,126806761930752,380420285792256,507227047723008,253613523861504]]] [34,1] [[[1,-3584,5308416]],[[1,-13824,47775744]],[[1]]]
4.4.74 [[[0,0,0,0,1],[72,648,2079,2862,2079],[194400,1492992,3633336,3604176,1504656],[20995200,211631616,730632960,967458816,399328704],[1632586752,15237476352,50065993728,69657034752,34828517376]]] [-16,1] [[[1,1647,746496]],[[1,432,46656]],[[1]]]
4.4.76 [[[0,0,0,0,1],[-408,-4818,-21207,-32778,-8613],[1804032,15230592,29870208,-86453568,-65178432],[-295612416,-1370566656,194835456,-5804752896,-94629565440],[-139314069504,-1184169590784,-3691822841856,-5015306502144,-2507653251072]]] [-12,1] [[[-1,13797,373248]],[[1,5184,6718464]],[[1]]]
4.4.77 [[[0,0,0,0,1],[-16,-80,-161,-162,-81],[3520,11840,15616,9696,2424],[-151488,-416256,-424448,-190464,-31744],[1728000,4147200,3494400,1228800,153600]]] [1,3] [[[1,-49,600]],[[1,-32,256]],[[1]]]
4.5.1 [[[0,0,0,0,25],[-75,-450,-1080,-1260,-765],[90,930,3246,4968,3186],[-63180,-204930,-237546,-116640,-22842],[97686,385398,551610,332424,67797],[-59049,-236196,-354294,-236196,-59049]]] [-1,1] [[[-1,27,-27,729]],[[25,-90,81]],[[1]]]
4.5.2 [[[0,0,0,0,529],[-2116,-14283,-37812,-47058,-21183],[-221168,-1033528,-1772673,-1328584,-380851],[54464,-417864,-2057582,-2620344,-951722],[66368,113152,-349452,-953360,-603364],[55488,235824,367608,249696,62424]]] [-53,23] [[[1,-43,-595,54]],[[529,1564,1156]],[[1]]]
4.5.3 [[[0,0,0,0,1],[-12,-69,-159,-180,-144],[2736,12096,20871,17820,7857],[-129600,-542376,-851958,-629856,-205578],[2006208,8608032,13568148,9447840,2598156],[-11337408,-48183984,-75110328,-51018336,-12754584]]] [-1,3] [[[-1,54]],[[1,-90,2997,-43740,236196]],[[1]]]
4.5.4 [[[0,0,0,0,25],[-100,-600,-1440,-1680,-720],[560,1120,-1136,-4288,-2896],[42240,138240,159488,72960,9472],[60416,237568,338944,202752,39936],[32768,131072,196608,131072,32768]]] [-11,10] [[[1,-32,-16,512]],[[25,80,64]],[[1]]]
4.5.5 [[[0,0,0,0,49],[-98,-637,-1638,-2002,-1085],[-15736,-66094,-102261,-68044,-16105],[3808,30072,72568,68712,21000],[-2944,-12896,-23024,-20256,-7440],[512,2048,3072,2048,512]]] [-10,7] [[[1,-21,-353,32]],[[49,-56,16]],[[1]]]
4.5.7 [[[0,0,0,0,9],[-45,-306,-816,-1020,-519],[-2166,-9546,-15194,-10064,-2258],[12,1350,4706,5256,1686],[-26,-174,-478,-608,-295],[1,4,6,4,1]]] [-7,3] [[[1,-57,-289,1]],[[9,-6,1]],[[1]]]
4.5.8 [[[0,0,0,0,1],[-120,-852,-2292,-2880,-2304],[455040,2588544,4980096,4561920,2011392],[-341729280,-1872211968,-3289559040,-2579890176,-842047488],[83607552000,468680048640,840184233984,619173642240,170272751616],[-7430083706880,-41608468758528,-74300837068800,-53496602689536,-13374150672384]]] [-1,3] [[[-1,864]],[[1,-1440,767232,-179159040,15479341056]],[[1]]]
4.5.9 [[[0,0,0,0,1],[-16,-80,-144,-128,-352],[4096,23040,49664,45056,48128],[-671744,-3194880,-6078464,-5505024,-3178496],[47185920,202899456,341311488,276824064,100663296],[-1207959552,-4831838208,-7247757312,-4831838208,-1207959552]]] [17,4] [[[-1,32]],[[1,-320,37888,-1966080,37748736]],[[1]]]
4.5.10 [[[0,0,0,0,49],[-392,-2450,-6090,-7280,-3598],[45584,201348,324888,222144,53988],[-443296,-1621032,-1987728,-919968,-137608],[-118592,-507856,-770400,-474688,-92192],[-11520,-50496,-80544,-55296,-13824]]] [-39,28] [[[-1,74,-1144,3456]],[[49,28,4]],[[1]]]
4.5.11 [[[0,0,0,0,1],[-16,-128,-464,-672,624],[0,-2048,-20480,-280576,75776],[-1245184,-8650752,-23134208,-29884416,-11862016],[41943040,-251658240,-1509949440,-2516582400,-1509949440],[26843545600,107374182400,161061273600,107374182400,26843545600]]] [19,2] [[[1,-16,-16384,262144]],[[1,640,102400]],[[1]]]
4.5.12 [[[0,0,0,0,1],[-24,-126,-234,-216,-594],[10224,60588,136728,128304,137052],[-2807136,-14224248,-28308528,-26453952,-15274008],[331304256,1527715728,2692634400,2244806784,816293376],[-14285134080,-61528113216,-96883820064,-66119763456,-16529940864]]] [25,4] [[[-1,54]],[[1,-540,107892,-9447840,306110016]],[[1]]]
4.5.13 [[[0,0,0,0,1],[-48,-272,-528,-512,-1408],[47616,305152,735232,720896,770048],[-30670848,-170655744,-362020864,-352321536,-203423744],[8531214336,43587207168,82040586240,70866960384,25769803776],[-869730877440,-4174708211712,-7035156430848,-4947802324992,-1236950581248]]] [45,4] [[[-1,128]],[[1,-1280,606208,-125829120,9663676416]],[[1]]]
4.5.14 [[[0,0,0,0,1],[-32,-224,-640,-832,-320],[26368,125952,212992,120832,13312],[-1900544,-6881280,-6291456,786432,917504],[-65273856,-299892736,-461373440,-260046848,-29360128],[-754974720,-3623878656,-6106906624,-4294967296,-1073741824]]] [5,2] [[[-1,256]],[[1,-64,-3072,131072,4194304]],[[1]]]
4.5.15 [[[0,0,0,0,9],[72,540,1596,2112,3072],[-1920,1920,74752,249856,331264],[454656,2912256,7376896,10100736,13037568],[4587520,50462720,165150720,229376000,122945536],[-205520896,-822083584,-1233125376,-822083584,-205520896]]] [-8,3] [[[-1,-192,-2560,4096]],[[9,1344,50176]],[[1]]]
4.5.16 [[[0,0,0,0,1],[-16,-134,-431,-594,-465],[-2816,-14144,-15136,30576,42000],[2304,82176,335424,231936,-1030720],[-372736,-1992704,-4386816,-4788224,-2222080],[3211264,12845056,19267584,12845056,3211264]]] [-5,1] [[[1,-353,-672,1024]],[[1,-112,3136]],[[1]]]
4.5.17 [[[0,0,0,0,9],[-216,-1332,-3252,-3840,-3072],[118656,569856,1025536,901120,397312],[-13271040,-60751872,-99680256,-75497472,-24641536],[484442112,2273312768,3766484992,2684354560,738197504],[-6442450944,-30064771072,-49392123904,-34359738368,-8589934592]]] [-1,3] [[[-1,128]],[[9,-1920,151552,-5242880,67108864]],[[1]]]
4.5.18 [[[0,0,0,0,3721],[-18605,-115351,-285297,-339892,-184769],[611586,2572675,4267228,3428132,1215215],[-3023892,-11517471,-16751367,-11354418,-3188970],[3661038,14703201,22018716,14631030,3713526],[-1594323,-6377292,-9565938,-6377292,-1594323]]] [-86,61] [[[-1,47,-200,243]],[[3721,-9882,6561]],[[1]]]
4.5.19 [[[0,0,0,0,1],[-240,-1584,-3312,-3456,-9504],[1566720,11653632,31394304,32845824,35085312],[-6708510720,-44395610112,-104879702016,-108355387392,-62562336768],[12486668451840,76994242412544,161697196670976,147115657396224,53496602689536],[-8559456430325760,-50072820117405696,-94368007144341504,-69331597085638656,-17332899271409664]]] [129,4] [[[-1,864]],[[1,-8640,27620352,-38698352640,20061226008576]],[[1]]]
4.5.20 [[[0,0,0,0,361],[-1083,-7220,-18981,-23522,-13300],[-102258,-412756,-609133,-368006,-64745],[-304722,-738720,-321921,329346,172719],[354294,1347192,1767825,841266,46656],[-177147,-708588,-1062882,-708588,-177147]]] [-28,19] [[[-1,34,278,243]],[[361,-1026,729]],[[1]]]
4.5.21 [[[0,0,0,0,1],[27,204,653,898,-64],[14850,67428,91215,-120510,-57573],[-374706,-3201768,-8619615,-8831106,5244345],[51608826,263279808,555355845,584152074,261783900],[-1726651809,-6906607236,-10359910854,-6906607236,-1726651809]]] [20,3] [[[-1,-278,-8262,59049]],[[1,-342,29241]],[[1]]]
4.5.22 [[[0,0,0,0,49],[-539,-4067,-11781,-15428,-7945],[-896,-1337,13260,40708,28723],[-1806,-10731,-26511,-38514,-32126],[616,5005,14784,19558,10010],[121,484,726,484,121]]] [-34,7] [[[1,-159,84,1]],[[49,-154,121]],[[1]]]
4.5.23 [[[0,0,0,0,289],[-2023,-13872,-37400,-47056,-24905],[30600,131852,250034,263164,124030],[-91800,-402084,-691362,-589356,-233550],[122472,510300,815022,609444,193185],[-59049,-236196,-354294,-236196,-59049]]] [-44,17] [[[-1,81]],[[289,-1496,2854,-2376,729]],[[1]]]
4.5.24 [[[0,0,0,0,841],[-6728,-47937,-132733,-169592,-87754],[5568,57768,239159,424220,258647],[-76560,-336864,-581647,-532614,-272743],[75616,332792,552228,421124,130696],[-27744,-117912,-183804,-124848,-31212]]] [-100,29] [[[-1,102,-67,27]],[[841,-1972,1156]],[[1]]]
4.5.25 [[[0,0,0,0,121],[847,5929,16170,20482,10010],[-11198,-55253,-103725,-89990,-32126],[1716,20625,63474,74184,28723],[-770,-4991,-13167,-16352,-7945],[49,196,294,196,49]]] [-34,11] [[[1,84,-159,1]],[[121,-154,49]],[[1]]]
4.5.26 [[[0,0,0,0,1],[-15,-88,-200,-224,-265],[2808,16308,36066,38316,25950],[-86832,-673596,-1842498,-2096604,-1116270],[2478600,14128020,33287598,38319156,18155745],[-17065161,-68260644,-102390966,-68260644,-17065161]]] [20,9] [[[-1,1]],[[1,-264,25686,-1090584,17065161]],[[1]]]
4.5.27 [[[0,0,0,0,361],[2166,14801,39691,49780,26030],[-25384,-95266,-106779,-3916,39521],[-31008,-140904,-237336,-158232,-13192],[-36480,-146720,-223120,-152800,-39920],[-12800,-51200,-76800,-51200,-12800]]] [-46,19] [[[-1,-70,39,32]],[[361,760,400]],[[1]]]
4.5.28 [[[0,0,0,0,25],[0,50,265,430,2495],[-35200,-176320,-316416,-210928,26384],[-418560,-3298560,-9094080,-10368000,-2529344],[-6770688,-39651328,-95295488,-111288320,-53309440],[-23658496,-94633984,-141950976,-94633984,-23658496]]] [-11,5] [[[-1,-39,2240,1024]],[[25,1520,23104]],[[1]]]
4.5.29 [[[0,0,0,0,49],[-784,-6370,-19558,-26376,-14784],[-43008,-217392,-270444,164064,273120],[178080,1256976,3122752,2593920,-852992],[-2001536,-11086272,-21772480,-18103808,-5783296],[6653952,35487744,65060864,47316992,11829248]]] [-50,7] [[[1,-280,-624,2048]],[[49,-1064,5776]],[[1]]]
4.5.30 [[[0,0,0,0,289],[-4046,-31790,-94826,-126072,-64668],[-22644,-96424,-40116,274304,249632],[-19176,-71196,-83140,-132192,-264720],[21632,105600,188416,152576,50176],[-12288,-57344,-94208,-65536,-16384]]] [-108,17] [[[-1,220,-32,16]],[[289,-1088,1024]],[[1]]]
4.5.31 [[[0,0,0,0,49],[196,1274,3276,4004,1876],[-7672,-32900,-54004,-41064,-12732],[9520,45192,82048,67200,20704],[-8352,-34416,-54768,-40704,-12288],[2304,9216,13824,9216,2304]]] [-23,14] [[[1,40,-192,64]],[[49,-84,36]],[[1]]]
4.5.32 [[[0,0,0,0,9],[-216,-1764,-5556,-7584,-3216],[56448,309504,547840,206848,-57344],[-552960,-1179648,3096576,8257536,1703936],[-17301504,-83886080,-123731968,-41943040,16777216],[-150994944,-805306368,-1476395008,-1073741824,-268435456]]] [-5,1] [[[-1,400,-10240,65536]],[[9,384,4096]],[[1]]]
4.5.33 [[[0,0,0,0,1],[0,-6,-33,-54,-81],[-3456,-17820,-32562,-22356,-3888],[-178848,-688176,-699840,0,90396],[3499200,16516224,26121528,15116544,1889568],[-22674816,-111484512,-191791152,-136048896,-34012224]]] [-26,9] [[[-1,45,5832,104976]],[[1,-36,324]],[[1]]]
4.5.34 [[[0,0,0,0,49],[0,-98,-511,-826,91],[-56448,-267792,-452856,-322704,-81072],[-2325456,-9761472,-13680576,-7741440,-1567296],[-7568640,-35154432,-56415744,-36716544,-7907328],[-8709120,-41140224,-68345856,-47775744,-11943936]]] [-8,3] [[[-1,5,1632,20736]],[[49,336,576]],[[1]]]
4.5.35 [[[0,0,0,0,49],[-588,-4410,-12726,-16632,-8064],[29232,145824,245172,140832,14256],[-111888,-413532,-373140,54432,57456],[-202176,-949968,-1487808,-839808,-93312],[-124416,-611712,-1052352,-746496,-186624]]] [-100,21] [[[-1,168,-864,1296]],[[49,168,144]],[[1]]]
4.5.36 [[[0,0,0,0,25],[-300,-2450,-7630,-10360,-4640],[-84240,-475200,-961164,-808992,-254304],[-2682720,-13821840,-24344064,-17262720,-4458240],[-18895680,-100357056,-182658240,-131010048,-31912704],[-45349632,-241864704,-443418624,-322486272,-80621568]]] [-16,3] [[[-1,200,7344,62208]],[[25,360,1296]],[[1]]]
4.5.37 [[[0,0,0,0,25],[-500,-4500,-15460,-21920,-8080],[-186000,-844800,-1617536,-2198528,-1070336],[-10325760,-52992000,-101160960,-94740480,-43560960],[-285769728,-1409679360,-2529165312,-2062024704,-712507392],[-2972712960,-14042529792,-23328718848,-16307453952,-4076863488]]] [-16,5] [[[-1,432]],[[25,2720,104704,1671168,9437184]],[[1]]]
4.5.38 [[[0,0,0,0,1],[0,-6,-42,-72,288],[6912,40608,83700,52704,42336],[1080864,6356880,13654656,12783744,4603392],[99937152,551333952,1077053760,890196480,283855104],[3265173504,17414258688,31926140928,23219011584,5804752896]]] [-26,9] [[[1,72,15120,497664]],[[1,216,11664]],[[1]]]
4.5.39 [[[0,0,0,0,25],[-200,-1450,-4095,-5290,-5285],[5760,48320,186816,365408,323936],[-1305600,-6528000,-12342016,-11919360,-7931136],[36405248,177520640,315932672,255197184,84344832],[-380633088,-1776287744,-2918187008,-2030043136,-507510784]]] [-18,5] [[[-1,141,-1792,16384]],[[25,-1760,30976]],[[1]]]
4.5.40 [[[0,0,0,0,25],[-300,-2050,-5510,-6920,-3280],[58320,276240,460644,304992,64224],[-1136160,-4408560,-5230656,-1952640,-152064],[-2638656,-12097728,-18892224,-11515392,-2025216],[-2177280,-10285056,-17086464,-11943936,-2985984]]] [-38,15] [[[-1,136,-3216,20736]],[[25,120,144]],[[1]]]
4.5.41 [[[0,0,0,0,1],[24,96,-147,-486,2835],[66096,546912,1650294,481140,2904336],[122157072,738138744,1693875240,1749739968,1367181180],[88354310112,500596636752,1027275925392,929281984128,340564398912],[23869234607616,127302584573952,233388071718912,169736779431936,42434194857984]]] [14,1] [[[1,783,244944,40310784]],[[1,2052,1052676]],[[1]]]
4.5.42 [[[0,0,0,0,9],[-360,-2772,-8868,-12192,-336],[514560,2726400,4873216,495616,-598016],[-81592320,-277217280,-48693248,537919488,64749568],[-23236444160,-116349992960,-185807667200,-90596966400,3019898880],[-1932735283200,-10307921510400,-18897856102400,-13743895347200,-3435973836800]]] [20,3] [[[-1,464,-86016,8388608]],[[9,3840,409600]],[[1]]]
4.5.43 [[[0,0,0,0,49],[0,-98,-518,-840,-2688],[-75264,-378224,-666860,-460576,-70432],[-723744,-1073520,3963456,8249472,2921472],[13156992,54292032,66173760,13312512,-14245632],[-80621568,-376233984,-618098688,-429981696,-107495424]]] [-22,7] [[[-1,24,2416,9216]],[[49,-1512,11664]],[[1]]]
4.5.44 [[[0,0,0,0,169],[-2028,-14534,-40859,-52650,-18837],[281424,1317056,1936736,433792,-364160],[-5001984,-16253952,-8778752,10223616,978944],[-78446592,-356057088,-532807680,-276824064,-15728640],[-424673280,-2038431744,-3435134976,-2415919104,-603979776]]] [-36,13] [[[-1,141,-1792,16384]],[[169,4992,36864]],[[1]]]
4.5.45 [[[0,0,0,0,1],[36,222,546,648,432],[28080,134784,238788,194400,69984],[4167936,18464112,28460160,19315584,5225472],[135908928,638114112,1046260800,715516416,176359680],[1587237120,7497805824,12456032256,8707129344,2176782336]]] [26,9] [[[1,144]],[[1,288,28512,1119744,15116544]],[[1]]]
4.5.46 [[[0,0,0,0,1],[17,138,424,572,295],[-202,-962,-946,1488,1686],[8,-318,-1450,-1032,2258],[-54,-342,-870,-1056,-519],[-9,-36,-54,-36,-9]]] [-7,1] [[[-1,-289,57,1]],[[1,6,9]],[[1]]]
4.5.47 [[[0,0,0,0,25],[-100,-500,-980,-960,-240],[-6480,-25280,-39104,-28672,-8704],[350720,1090560,1180672,491520,57344],[962560,3784704,5357568,3145728,589824],[1048576,4194304,6291456,4194304,1048576]]] [-2,5] [[[1,16]],[[25,-640,1536,32768,65536]],[[1]]]
4.5.48 [[[0,0,0,0,1],[-80,-576,-2112,-3072,2304],[106496,409600,802816,-4194304,917504],[-22020096,-113246208,-348127232,-402653184,-570425344],[37580963840,123480309760,123480309760,0,-64424509440],[27487790694400,109951162777600,164926744166400,109951162777600,27487790694400]]] [34,1] [[[1,256]],[[1,2048,393216,-671088640,107374182400]],[[1]]]
4.5.49 [[[0,0,0,0,9],[-18,-126,-345,-438,-318],[-5286,-23598,-37829,-24314,-4511],[-5268,14508,97796,128736,41828],[16984,47740,4444,-89760,-70224],[-29040,-120032,-183920,-123904,-30976]]] [-23,12] [[[-1,28,720,256]],[[9,-66,121]],[[1]]]
4.5.50 [[[0,0,0,0,25],[500,2900,6820,7840,2960],[146800,606720,912256,514048,65536],[4348160,12779520,9461760,-1966080,-1703936],[-52002816,-211812352,-299368448,-159383552,-16777216],[235929600,1006632960,1577058304,1073741824,268435456]]] [12,5] [[[1,16]],[[25,2560,24576,-2097152,16777216]],[[1]]]
4.5.51 [[[0,0,0,0,529],[-4232,-31211,-89608,-116794,-75233],[-205712,-850862,-787393,999924,1357863],[-801872,-1413672,1750568,2179848,-6206392],[7128704,27267488,35445392,15278304,-980880],[-28577280,-118119424,-180989440,-121929728,-30482432]]] [-74,23] [[[-1,121,113,512]],[[529,-11224,59536]],[[1]]]
4.5.52 [[[0,0,0,0,25],[500,3400,9760,12720,-720],[239600,1009760,1390224,-434368,-340816],[9153280,13923840,-32364800,-75344640,5000960],[-1072927744,-4251594752,-5426021376,-1805109248,663428096],[41063546880,179995213824,287102631936,197105025024,49276256256]]] [9,2] [[[1,160,7664,221184]],[[25,-4720,222784]],[[1]]]
4.5.53 [[[0,0,0,0,1],[2380,6250,-81250,-175000,400000],[132250000,3656250000,23195312500,-22812500000,52187500000],[75714062500000,488964843750000,1298437500000000,1417968750000000,2445312500000000],[5570068359375000000,34102783203125000000,79488525390625000000,86962890625000000000,39672851562500000000],[116043090820312500000000,618896484375000000000000,1134643554687500000000000,825195312500000000000000,206298828125000000000000]]] [208,1] [[[1,50000]],[[1,350000,34687500000,710937500000000,4125976562500000000]],[[1]]]
4.5.54 [[[0,0,0,0,25],[300,2500,7940,10880,11920],[-101520,-525120,-638976,709632,1442304],[-4527360,-28200960,-62567424,-46448640,44015616],[-415051776,-2245459968,-4228153344,-3248750592,-907739136],[-11609505792,-61917364224,-113515167744,-82556485632,-20639121408]]] [-6,1] [[[-1,-304,2304,110592]],[[25,4320,186624]],[[1]]]
4.5.55 [[[0,0,0,0,25],[300,2100,5780,7360,5840],[59760,303680,622976,698368,395776],[3018240,15344640,29159424,26542080,11575296],[68677632,333103104,586579968,467140608,153944064],[573308928,2675441664,4395368448,3057647616,764411904]]] [-16,5] [[[1,144]],[[25,2240,73216,1032192,5308416]],[[1]]]
4.5.56 [[[0,0,0,0,25],[300,1700,3940,4480,2720],[63280,236800,350784,259072,89344],[1597440,5621760,7458816,4669440,1245184],[8208384,32964608,48431104,30932992,7602176],[16777216,67108864,100663296,67108864,16777216]]] [-2,5] [[[1,64]],[[25,320,1024]],[[1,32,256]]]
4.5.57 [[[0,0,0,0,1],[336,1472,1216,-512,7424],[163840,4292608,14745600,4980736,19922944],[1975517184,11777605632,28739371008,25769803776,23420993536],[3350074490880,15547781611520,29291676958720,27487790694400,11682311045120],[1759218604441600,7036874417766400,10555311626649600,7036874417766400,1759218604441600]]] [62,1] [[[1,256]],[[1,5120,6553600]],[[1,2048,1048576]]]
4.5.58 [[[0,0,0,0,25],[-225,-1050,-1860,-1620,-405],[-21960,-80190,-117126,-81648,-24786],[1674270,5183190,5629338,2361960,275562],[7768224,30587382,43341966,25509168,4782969],[14348907,57395628,86093442,57395628,14348907]]] [2,5] [[[1,27]],[[25,270,729]],[[1,-54,729]]]
4.5.59 [[[0,0,0,0,1],[-279,-1782,-6156,-8748,6561],[918540,2480058,5314410,-34012224,7440174],[-1080950994,-4390765542,-11106054018,-9298091736,-13172296626],[1882863576540,5962401325710,5962401325710,0,-4236443047215],[5147278302366225,20589113209464900,30883669814197350,20589113209464900,5147278302366225]]] [62,1] [[[1,729]],[[1,7290,13286025]],[[1,-1458,531441]]]
4.5.60 [[[0,0,0,0,25],[-6300,-26700,-39660,-25920,-6480],[-8358480,-26827200,-34416576,-20901888,-6345216],[6714109440,20524907520,22513572864,9674588160,1128701952],[501439279104,1984258031616,2820142448640,1671768834048,313456656384],[15045919506432,60183678025728,90275517038592,60183678025728,15045919506432]]] [54,5] [[[1,432]],[[25,-17280,1119744,644972544,34828517376]],[[1]]]
4.5.61 [[[0,0,0,0,1],[-112464,-565056,-1684800,-2239488,1679616],[67775864832,-2902376448,113192681472,-2229025112064,487599243264],[-48452876117213184,-163037583771697152,-340699801303646208,-155996093442686976,-220994465710473216],[505427342754305802240,-2190185151935325143040,-2190185151935325143040,0,-18195384339155008880640],[5659492344850773962234265600,22637969379403095848937062400,33956954069104643773405593600,22637969379403095848937062400,5659492344850773962234265600]]] [426,1] [[[1,186624]],[[1,1492992,208971104256,-259993489071144960,30325640565258348134400]],[[1]]]
4.5.62 [[[0,0,0,0,25],[-700,-3100,-5020,-3840,-960],[-148240,-508160,-698624,-458752,-139264],[22108160,68075520,74235904,31457280,3670016],[243728384,961544192,1364197376,805306368,150994944],[1073741824,4294967296,6442450944,4294967296,1073741824]]] [12,5] [[[1,64]],[[25,-2560,24576,2097152,16777216]],[[1]]]
4.5.63 [[[0,0,0,0,1],[-1936,-11008,-35584,-49152,36864],[30801920,45088768,120586240,-1073741824,234881024],[-322390982656,-1172526071808,-2649994821632,-1649267441664,-2336462209024],[1143492092887040,3254554418216960,3254554418216960,0,-4222124650659840],[28823037615171174400,115292150460684697600,172938225691027046400,115292150460684697600,28823037615171174400]]] [132,1] [[[1,4096]],[[1,32768,100663296,-2748779069440,7036874417766400]],[[1]]]
4.5.64 [[[0,0,0,0,25],[-17100,-91500,-197340,-211680,-79920],[104315760,431516160,652800384,374740992,47775744],[-81864794880,-249389383680,-188170739712,38698352640,33538572288],[-25973259337728,-109841404133376,-158229824274432,-84702954258432,-8916100448256],[-3160943360999424,-14016109904658432,-22415076526915584,-15407021574586368,-3851755393646592]]] [236,5] [[[-1,432]],[[25,-69120,17915904,41278242816,8916100448256]],[[1]]]
4.5.65 [[[0,0,0,0,25],[-900,-5100,-11715,-13230,-4995],[415440,1717200,2585844,1463832,186624],[-20664720,-61279740,-45585828,9447840,8188128],[-415285056,-1707224688,-2424315744,-1292464512,-136048896],[-3174474240,-13672914048,-21529737792,-14693280768,-3673320192]]] [28,5] [[[-1,27]],[[25,-4320,69984,10077696,136048896]],[[1]]]
4.5.66 [[[0,0,0,0,25],[-300,-2000,-5245,-6490,-3785],[84240,429840,796356,629928,196416],[-5307120,-23925780,-36343404,-22044960,-4901472],[37371456,181293552,303800544,204073344,45349632],[-90699264,-445938048,-767164608,-544195584,-136048896]]] [-28,15] [[[-1,137,-5832,104976]],[[25,-360,1296]],[[1]]]
4.5.67 [[[0,0,0,0,25],[-2300,-12700,-28380,-31360,-11840],[2315760,9574400,14445056,8224768,1048576],[-271426560,-813957120,-609091584,125829120,109051904],[-12859211776,-53485764608,-76403441664,-40802189312,-4294967296],[-232532213760,-1013612281856,-1606317768704,-1099511627776,-274877906944]]] [68,5] [[[-1,64]],[[25,2560,65536]],[[1,-512,65536]]]
4.5.68 [[[0,0,0,0,289],[867,4913,11152,12478,4862],[61200,236385,334881,198666,36990],[-685746,-2416635,-3143448,-1784592,-369603],[997272,3956283,5767119,3621672,807003],[-531441,-2125764,-3188646,-2125764,-531441]]] [-14,17] [[[-1,-20,-189,729]],[[289,-918,729]],[[1]]]
4.5.69 [[[0,0,0,0,1],[9,81,351,540,-1107],[-2430,-5103,7290,-306180,369603],[1443420,10687869,28560033,36964674,-26965710],[271034910,316207395,-1535864490,-3704143770,-2583866142],[-111964521321,-447858085284,-671787127926,-447858085284,-111964521321]]] [10,1] [[[-1,189,14580,531441]],[[1,-918,210681]],[[1]]]
4.5.70 [[[0,0,0,0,441],[-4410,-33516,-97545,-128058,-69069],[-272580,-1348200,-2137700,-923360,154240],[97440,1861776,6723376,7894656,1706176],[-116480,-1611520,-6113280,-9164800,-4904960],[-307200,-1433600,-2355200,-1638400,-409600]]] [-104,21] [[[-1,149,800,64]],[[441,-3360,6400]],[[1]]]
4.5.71 [[[0,0,0,0,1],[-9,-102,-480,-756,837],[17982,104490,222102,-227448,205578],[4094064,22320522,48931938,51018336,20903346],[1004423490,4735139310,9039811410,8609344200,3658971285],[87169610025,348678440100,523017660150,348678440100,87169610025]]] [13,1] [[[1,27,19683,531441]],[[1,810,164025]],[[1]]]
4.5.72 [[[0,0,0,0,1],[-9,-45,-62,-34,-566],[3420,25107,67479,51906,118110],[-838998,-4844205,-11467098,-12894552,-10936935],[73107036,381944241,818451945,873015408,404089803],[-1977491961,-7909967844,-11864951766,-7909967844,-1977491961]]] [34,9] [[[-1,200,-11421,59049]],[[1,-366,33489]],[[1]]]
4.5.74 [[[0,0,0,0,49],[0,-98,-574,-952,-7280],[-225792,-1296960,-2554716,-1846944,-113760],[7880544,54368496,138063744,147547008,40594176],[-271817856,-1591296192,-3419278272,-3279730176,-1263631104],[3265173504,17414258688,31926140928,23219011584,5804752896]]] [-36,7] [[[1,-56,-9648,55296]],[[49,-4536,104976]],[[1]]]
4.5.75 [[[0,0,0,0,81],[-972,-7452,-21933,-28962,-17937],[9504,89280,391648,805888,559552],[-539136,-3186432,-7399680,-8902656,-6046720],[4227072,23363584,50069504,51642368,22282240],[-12582912,-58720256,-96468992,-67108864,-16777216]]] [-46,9] [[[-1,193,-1216,1024]],[[81,-2304,16384]],[[1]]]
4.5.76 [[[0,0,0,0,9],[-108,-837,-2487,-3300,-1776],[-3312,-14904,-18041,6652,13801],[0,14472,56730,58320,-16922],[1344,-5376,-40908,-72576,-43092],[-9408,-39984,-62328,-42336,-10584]]] [-5,1] [[[-1,188,243,54]],[[9,-84,196]],[[1]]]
4.5.77 [[[0,0,0,0,121],[-726,-5082,-13827,-17490,-11913],[-19404,-68376,-13004,183616,188032],[-1454112,-5862384,-7697424,-4169088,-1508928],[12096000,55374336,87441408,55922688,11538432],[-35831808,-167215104,-274710528,-191102976,-47775744]]] [-36,11] [[[-1,81,-64,5184]],[[121,-2112,9216]],[[1]]]
4.5.78 [[[0,0,0,0,841],[-5046,-37004,-104748,-135488,-76444],[-673380,-3166336,-5070104,-2977536,-363984],[-3654000,-11040300,-4670100,7725600,3417200],[12150000,53290000,76400000,37520000,1360000],[-15000000,-70000000,-115000000,-80000000,-20000000]]] [-104,29] [[[-1,84,1024,2000]],[[841,-5800,10000]],[[1]]]
4.5.79 [[[0,0,0,0,121],[-1210,-8954,-25707,-33506,-18403],[6600,34540,132850,282980,192470],[-91872,-461736,-909804,-983928,-669988],[268000,1245200,2285400,2054000,815800],[-300000,-1240000,-1900000,-1280000,-320000]]] [-43,11] [[[-1,143,-270,128]],[[121,-1100,2500]],[[1]]]
4.5.80 [[[0,0,0,0,169],[-676,-4394,-11141,-13494,-4251],[-91312,-456768,-833312,-672128,-205568],[3168256,11821056,12986368,3833856,-249856],[14876672,67108864,102629376,60817408,9961472],[25165824,117440512,192937984,134217728,33554432]]] [-36,13] [[[1,-35,-896,8192]],[[169,1664,4096]],[[1]]]
4.5.81 [[[0,0,0,0,49],[-98,-588,-1407,-1638,-273],[-15512,-68656,-114922,-86444,-24146],[128128,323904,133572,-193704,-115692],[428896,1641536,2163720,1018160,37336],[567840,2303808,3488160,2336256,584064]]] [-9,7] [[[1,-13,-410,864]],[[49,364,676]],[[1]]]
4.5.82 [[[0,0,0,0,1],[-18,-146,-449,-606,-285],[480,2356,2674,-2644,-3280],[180,2880,10296,9216,-7668],[1296,7776,18360,20736,9504],[1296,6048,9936,6912,1728]]] [-48,7] [[[1,-297,248,48]],[[1,12,36]],[[1]]]
4.5.83 [[[0,0,0,0,121],[-2904,-24684,-79068,-108768,-48048],[50688,204864,-399968,-2703872,-1989248],[-1297296,-7767936,-17613696,-22758912,-23232768],[-12331008,-74391552,-167362560,-171343872,-71073792],[-47775744,-254803968,-467140608,-339738624,-84934656]]] [-8,1] [[[-1,432,1664,2304]],[[121,4224,36864]],[[1]]]
4.5.84 [[[0,0,0,0,25],[-175,-1250,-3480,-4460,-2365],[-5490,-21790,-28834,-9272,3946],[-5760,-6210,20646,34560,6174],[9234,32886,37098,8424,-6723],[-6561,-26244,-39366,-26244,-6561]]] [-43,15] [[[-1,91,173,81]],[[25,-90,81]],[[1]]]
4.5.85 [[[0,0,0,0,1],[21,134,352,436,83],[7290,31482,45990,9864,-6174],[-55404,-625482,-1835298,-2029536,-319626],[2033910,11744190,28146690,32805000,15516765],[-13286025,-53144100,-79716150,-53144100,-13286025]]] [11,3] [[[-1,-173,-7371,6561]],[[1,-90,2025]],[[1]]]
4.5.86 [[[0,0,0,0,121],[-2662,-22506,-71555,-98098,-53273],[-59532,-295768,-93484,1373824,1248736],[-250272,-1258224,-2319504,-4101504,-8191552],[858112,5511168,13893632,16629760,8044544],[-786432,-3670016,-6029312,-4194304,-1048576]]] [-92,11] [[[-1,417,-480,64]],[[121,-2816,16384]],[[1]]]
4.5.87 [[[0,0,0,0,81],[-324,-2268,-6147,-7758,-1719],[-98208,-517536,-980288,-794720,-231200],[-46080,-1783296,-7076096,-9179136,-3392256],[634880,-122880,-10219520,-21299200,-12861440],[4915200,22937600,37683200,26214400,6553600]]] [-32,9] [[[1,-39,-2240,1024]],[[81,1440,6400]],[[1]]]
4.5.88 [[[0,0,0,0,121],[-968,-7260,-20988,-27456,-19008],[-91520,-413248,-495712,151552,414208],[1236400,6642240,12730560,9123840,-855040],[-19200000,-93030400,-159641600,-116326400,-31129600],[92160000,442368000,745472000,524288000,131072000]]] [-46,11] [[[1,-128,-512,5120]],[[121,-3520,25600]],[[1]]]
4.5.89 [[[0,0,0,0,1],[-16,-128,-400,-544,-128],[256,512,-8192,-38400,-22272],[-77824,-417792,-864256,-983040,-827392],[-2359296,-12189696,-23789568,-22020096,-8650752],[-28311552,-132120576,-217055232,-150994944,-37748736]]] [-11,4] [[[-1,224,3072,16384]],[[1,96,2304]],[[1]]]
4.5.90 [[[0,0,0,0,1],[16,0,-512,-1024,1792],[-65536,-163840,49152,-1048576,917504],[-57671680,-276824064,-457179136,-402653184,33554432],[-33822867456,-161061273600,-273804165120,-206158430208,-64424509440],[-7421703487488,-34634616274944,-56899726737408,-39582418599936,-9895604649984]]] [20,1] [[[-1,256]],[[1,2048,1441792,402653184,38654705664]],[[1]]]
4.5.91 [[[0,0,0,0,1],[-16,-144,-528,-768,288],[-5120,-23040,-64000,-262144,-44032],[-2572288,-14401536,-30851072,-33423360,-18644992],[-367001600,-1897398272,-3703046144,-3435134976,-1365245952],[-19730006016,-92073361408,-151263379456,-105226698752,-26306674688]]] [17,4] [[[-1,160,22528,524288]],[[1,448,50176]],[[1]]]
4.5.92 [[[0,0,0,0,9],[72,468,1200,1464,804],[21696,106080,186592,137536,37504],[1261056,5356800,7504384,4073472,773376],[3264512,15378432,24954880,16203776,3383296],[2949120,14155776,23855104,16777216,4194304]]] [-25,12] [[[1,84,3712,65536]],[[9,48,64]],[[1]]]
4.5.93 [[[0,0,0,0,1],[0,0,-1,-2,71],[1152,5952,11064,8016,3696],[-36288,-103680,-4608,165888,89280],[-995328,-4313088,-6013440,-2654208,165888],[-8957952,-41803776,-68677632,-47775744,-11943936]]] [-25,9] [[[-1,-23,-2016,20736]],[[1,48,576]],[[1]]]
4.5.94 [[[0,0,0,0,9],[-54,-333,-813,-960,-498],[8172,36876,60463,42652,11155],[-71388,-280368,-379953,-210762,-42345],[44928,197304,306972,196836,42168],[-10080,-45000,-72500,-50000,-12500]]] [-44,27] [[[-1,54,-1167,3125]],[[9,-12,4]],[[1]]]
4.5.95 [[[0,0,0,0,9],[144,1188,3732,5088,3336],[-15744,-77856,-84320,126208,166720],[29184,-149760,-1021696,-903168,2096640],[720896,2320384,473088,-4505600,-3874816],[11894784,55508992,91193344,63438848,15859712]]] [-37,6] [[[1,312,-640,2048]],[[9,528,7744]],[[1]]]
4.5.96 [[[0,0,0,0,1],[-8,-56,-156,-200,-40],[3680,18528,32112,18528,2832],[-87040,-273408,-76800,344064,137984],[-1971200,-9072640,-13547520,-6553600,40960],[-14745600,-72499200,-124723200,-88473600,-22118400]]] [-37,16] [[[-1,80,-5632,55296]],[[1,40,400]],[[1]]]
4.5.97 [[[0,0,0,0,9],[-360,-2844,-9228,-12768,-1488],[352128,1775232,2838400,-748544,-1035776],[393216,63959040,276926464,378372096,-22167552],[-1633288192,-5599526912,-1504051200,11319377920,9991356416],[-174550155264,-858204930048,-1476403396608,-1047300931584,-261825232896]]] [13,3] [[[-1,528,-43520,884736]],[[9,3264,295936]],[[1]]]
4.5.98 [[[0,0,0,0,169],[-676,-5070,-14651,-19162,-15821],[-265200,-1337856,-2272384,-1343296,-82144],[2820480,17269824,38695360,36162048,9119488],[-31846400,-165099520,-312360960,-263372800,-88555520],[117964800,579993600,997785600,707788800,176947200]]] [-50,13] [[[1,-69,-2336,6912]],[[169,-4160,25600]],[[1]]]
4.5.99 [[[0,0,0,0,1],[6,40,104,128,100],[1404,7344,13992,11904,4560],[12960,84564,203436,209952,77040],[128304,664848,1306368,1213056,466560],[419904,1959552,3219264,2239488,559872]]] [-136,45] [[[1,76,2592,3888]],[[1,24,144]],[[1]]]
4.5.100 [[[0,0,0,0,1],[-24,-168,-447,-558,-639],[12960,84672,204984,232848,151632],[-1451520,-10368000,-27661824,-31850496,-16030656],[106168320,653598720,1509580800,1592524800,676823040],[-2687385600,-14332723200,-26276659200,-19110297600,-4777574400]]] [-4,9] [[[-1,399,-41472,331776]],[[1,-240,14400]],[[1]]]
4.5.101 [[[0,0,0,0,1],[24,192,580,776,280],[9888,57216,101328,41184,-6768],[928512,4499712,5446656,746496,-41472],[-36993024,-209267712,-366031872,-223948800,-31352832],[477757440,2794881024,5267275776,3869835264,967458816]]] [-57,8] [[[1,352,17280,746496]],[[1,-72,1296]],[[1]]]
4.5.102 [[[0,0,0,0,1],[-6,-34,-77,-86,-70],[774,3390,5799,4806,2025],[-22356,-89748,-135972,-95904,-29268],[180792,751356,1155708,785376,206064],[-524880,-2169504,-3324240,-2239488,-559872]]] [-3,4] [[[-1,52,-1008,6912]],[[1,-18,81]],[[1]]]
4.5.103 [[[0,0,0,0,1],[-30,-225,-625,-800,-850],[25500,172500,414375,457500,271875],[-5287500,-35775000,-85865625,-89606250,-39965625],[607500000,3763125000,7939687500,7214062500,2581875000],[-25312500000,-148078125000,-279070312500,-205031250000,-51257812500]]] [-132,25] [[[-1,550,-84375,2278125]],[[1,-300,22500]],[[1]]]
4.5.104 [[[0,0,0,0,169],[-676,-3718,-8203,-8970,-5733],[55120,219232,339440,249216,81936],[-1224704,-4153344,-5199872,-2915328,-655360],[2572288,10223616,14827520,9207808,2048000],[-2097152,-8388608,-12582912,-8388608,-2097152]]] [-8,13] [[[-1,29,-336,2048]],[[169,-832,1024]],[[1]]]
4.5.105 [[[0,0,0,0,1],[-16,0,496,992,-2000],[22528,243712,772096,-587776,1310720],[-32964608,-162791424,-341639168,-321650688,-335609856],[16139681792,73064775680,131625648128,117121744896,48091889664],[-2903397892096,-11613591568384,-17420387352576,-11613591568384,-2903397892096]]] [47,2] [[[-1,336,-59392,4194304]],[[1,-1664,692224]],[[1]]]
4.5.106 [[[0,0,0,0,289],[-8670,-67337,-236521,-338368,180574],[12195324,57229956,95227623,-97392996,14372019],[-348606828,2405332584,12773408967,19715057046,-1329790041],[-435928166496,-1588855377528,-1485056132244,526315468068,1059950177784],[-86401847841120,-385722535005000,-621441861952500,-428580594450000,-107145148612500]]] [220,17] [[[-1,182,-33831,2278125]],[[289,233172,47032164]],[[1]]]
4.5.107 [[[0,0,0,0,25],[-200,-1250,-3055,-3610,-2765],[39040,192640,353216,302208,122496],[-2048000,-9093120,-14196736,-9830400,-2805760],[24117248,112197632,182976512,125829120,31457280],[-100663296,-469762048,-771751936,-536870912,-134217728]]] [-11,5] [[[-1,85,-2560,32768]],[[25,-640,4096]],[[1]]]
4.5.108 [[[0,0,0,0,1],[-16,-104,-260,-312,-396],[5888,35456,81216,88448,60032],[-696320,-4042752,-8898560,-8945664,-4271104],[42598400,223805440,433029120,380108800,136970240],[-943718400,-4639948800,-7982284800,-5662310400,-1415577600]]] [-9,16] [[[-1,236,-15872,221184]],[[1,-160,6400]],[[1]]]
4.5.109 [[[0,0,0,0,1],[-18,-146,-454,-616,-380],[540,2568,9580,25216,19120],[-31104,-173520,-365136,-406656,-321600],[432000,2259072,4476672,4248576,1751040],[-2239488,-10450944,-17169408,-11943936,-2985984]]] [-6,1] [[[-1,324]],[[1,-56,976,-5376,9216]],[[1]]]
4.5.110 [[[0,0,0,0,9],[-72,-504,-1392,-1776,-1464],[3648,20448,55216,85696,62128],[-158208,-811008,-1648000,-1716480,-1032576],[2293760,10780672,19759104,17514496,6766592],[-12582912,-53477376,-83361792,-56623104,-14155776]]] [-8,3] [[[-1,120,-1328,3456]],[[9,-384,4096]],[[1]]]
4.5.111 [[[0,0,0,0,1],[-6,-46,-136,-180,-120],[-1008,-4132,-5668,-1592,1252],[-3240,1032,28592,40512,5232],[38400,132880,135920,3200,-50240],[-168000,-681600,-1032000,-691200,-172800]]] [-5,2] [[[-1,108]],[[1,-12,-44,480,1600]],[[1]]]
4.5.112 [[[0,0,0,0,1],[0,-4,-20,-32,-88],[-1152,-5216,-8480,-4864,1088],[-13824,-9984,85760,153600,36352],[442368,1603584,1812480,344064,-417792],[-4423680,-18284544,-28016640,-18874368,-4718592]]] [-3,2] [[[-1,40,1408,8192]],[[1,-48,576]],[[1]]]
4.5.113 [[[0,0,0,0,25],[200,1350,3545,4390,2435],[8960,48640,94176,84448,32416],[-1341440,-5744640,-7881984,-3809280,-555264],[-4292608,-20627456,-33902592,-21757952,-4243456],[-4718592,-23199744,-39911424,-28311552,-7077888]]] [-29,10] [[[-1,-91,-704,27648]],[[25,160,256]],[[1]]]
4.5.114 [[[0,0,0,0,1],[-240,-1152,-896,512,-8960],[688128,6422528,19791872,8912896,29360128],[-4378853376,-24763170816,-54962159616,-53150220288,-43486543872],[8349416423424,42674795053056,81638738362368,74217034874880,29686813949952],[-5699868278390784,-26599385299156992,-43698990134329344,-30399297484750848,-7599824371187712]]] [48,1] [[[-1,768]],[[1,-8192,23068672,-25769803776,9895604649984]],[[1]]]
4.5.115 [[[0,0,0,0,1],[-612,-3078,-2349,1458,-25515],[5038848,47711592,155653164,72275976,238085568],[-90225927216,-531540910908,-1228897791108,-1227348109152,-1004193907488],[488038239039168,2616427225959984,5232854451919968,4880382390391680,1952152956156672],[-948746336692142592,-4664669488736367744,-8024812764521039424,-5692478020152855552,-1423119505038213888]]] [88,1] [[[-1,2187]],[[1,-23328,187067232,-595077871104,650717652052224]],[[1]]]
4.5.116 [[[0,0,0,0,1],[-2928,-15872,-11776,8192,-143360],[136839168,1333788672,4722786304,2281701376,7516192768],[-13567801688064,-85349590106112,-209044648230912,-217703302299648,-178120883699712],[410390516044136448,2371145203810566144,5046283382468640768,4863887597560135680,1945555039024054272],[-4482558809911421042688,-23906980319527578894336,-43829463919133894639616,-31875973759370105192448,-7968993439842526298112]]] [188,1] [[[-1,12288]],[[1,-131072,5905580032,-105553116266496,648518346341351424]],[[1]]]
4.5.117 [[[0,0,0,0,1],[-100080,-632448,-445824,373248,-6531840],[216065802240,2267723464704,9248906280960,4736678363136,15603175784448],[-956920480609075200,-6889827460385341440,-18589534468586864640,-20591484334434680832,-16847578091810193408],[1310067672419160639406080,8792009712679700291125248,20728181839165386116825088,20961082758706570230497280,8384433103482628092198912],[-651973518126809160449387397120,-4085700713594670738816161021952,-8301796130814703309722199523328,-6258945774017367940314119012352,-1564736443504341985078529753088]]] [608,1] [[[-1,559872]],[[1,-5971968,12259638116352,-9983749980331966464,2794811034494209364066304]],[[1]]]
4.5.118 [[[0,0,0,0,1],[240,1152,896,-512,8960],[688128,6422528,19791872,8912896,29360128],[4378853376,24763170816,54962159616,53150220288,43486543872],[8349416423424,42674795053056,81638738362368,74217034874880,29686813949952],[5699868278390784,26599385299156992,43698990134329344,30399297484750848,7599824371187712]]] [48,1] [[[1,768]],[[1,8192,23068672,25769803776,9895604649984]],[[1]]]
4.5.119 [[[0,0,0,0,1],[-30,-258,-870,-1224,-252],[6540,33928,27772,-163072,-107728],[-129600,-648720,-1279440,-2770560,-8032320],[1296000,-5788800,-47520000,-87782400,-52531200],[259200000,1209600000,1987200000,1382400000,345600000]]] [-2,1] [[[1,-492,-4048,24000]],[[1,240,14400]],[[1]]]
4.5.120 [[[0,0,0,0,1],[-16,-128,-400,-544,-656],[1024,6144,33792,110592,129024],[-557056,-3194880,-7028736,-8257536,-9240576],[35651584,195035136,411041792,419430400,184549376],[-805306368,-3758096384,-6174015488,-4294967296,-1073741824]]] [-9,2] [[[-1,400,-10240,65536]],[[1,-256,16384]],[[1]]]
4.5.121 [[[0,0,0,0,1],[-48,-416,-1456,-2080,-272],[43008,225280,333824,-417792,-307200],[1179648,12386304,38993920,42467328,-36962304],[50331648,587202560,2080374784,3087007744,1744830464],[-12884901888,-60129542144,-98784247808,-68719476736,-17179869184]]] [5,2] [[[-1,784,-28672,262144]],[[1,512,65536]],[[1]]]
4.5.122 [[[0,0,0,0,1],[-6,-46,-143,-194,119],[-972,-5400,-13644,-26928,-1656],[-274104,-1338444,-2404404,-2029536,-701136],[-17845920,-85030560,-145286784,-109175040,-31912704],[-408146688,-1904684544,-3129124608,-2176782336,-544195584]]] [-2,3] [[[-1,25,3240,104976]],[[1,144,5184]],[[1]]]
4.5.123 [[[0,0,0,0,1],[-16,-128,-448,-640,448],[16384,81920,139264,-98304,49152],[-1048576,-786432,9175040,18874368,3145728],[-469762048,-1946157056,-2415919104,-536870912,536870912],[-51539607552,-240518168576,-395136991232,-274877906944,-68719476736]]] [6,1] [[[-1,64,-16384,1048576]],[[1,512,65536]],[[1]]]
4.5.124 [[[0,0,0,0,1],[-54,-510,-1807,-2594,-1081],[10548,62568,79668,-176688,-168696],[16200,356724,1582092,1080864,-5988816],[1189728,7908192,20435328,25194240,12877056],[-5038848,-23514624,-38631168,-26873856,-6718464]]] [-10,1] [[[-1,1225,-2520,1296]],[[1,144,5184]],[[1]]]
4.5.125 [[[0,0,0,0,1],[-44,-412,-1437,-2050,-1217],[-5472,-34240,-34720,139648,145600],[-66048,-283392,-257280,-817152,-4731904],[1064960,6504448,15532032,17956864,8781824],[-3145728,-14680064,-24117248,-16777216,-4194304]]] [-34,3] [[[-1,1089,-2112,1024]],[[1,-128,4096]],[[1]]]
4.5.126 [[[0,0,0,0,1],[-30,-267,-878,-1222,-881],[-1020,840,51567,180072,151803],[-284220,-2208060,-6422355,-9353070,-8814015],[6253200,56764800,187766100,267470100,138655800],[72900000,426465000,803722500,590490000,147622500]]] [-12,1] [[[1,-701,17523,18225]],[[1,-180,8100]],[[1]]]
4.5.127 [[[0,0,0,0,100],[-3000,-26100,-83970,-115740,-54360],[287100,1687170,2790609,373842,-881091],[-170100,2822850,18282780,26389800,1691037],[-7297290,-33343245,-25382565,41509260,43783740],[-44352360,-259461306,-488984769,-359254116,-89813529]]] [-57,5] [[[-1,567,-4320,6561]],[[100,2340,13689]],[[1]]]
4.5.128 [[[0,0,0,0,1],[20,150,450,600,0],[10000,50000,72500,-20000,-20000],[-1300000,-7350000,-14400000,-10800000,-800000],[135000000,725000000,1345000000,1000000000,260000000],[-4500000000,-24000000000,-44000000000,-32000000000,-8000000000]]] [-8,25] [[[-1,-200,-10000,800000]],[[1,-200,10000]],[[1]]]
4.5.129 [[[0,0,0,0,1],[20,134,362,456,48],[6000,26400,34340,-7840,-11680],[-348000,-1875600,-3609600,-2793600,-153600],[22680000,108936000,186984000,138816000,38304000],[-453600000,-2142720000,-3559680000,-2488320000,-622080000]]] [34,25] [[[-1,-168,-4880,172800]],[[1,-120,3600]],[[1]]]
4.5.130 [[[0,0,0,0,1],[-36,-276,-852,-1152,-144],[28080,146880,235008,-27648,-69120],[2177280,14929920,36578304,35831808,1990656],[277696512,1576599552,3224862720,2866544640,1003290624],[11609505792,61917364224,113515167744,82556485632,20639121408]]] [26,9] [[[1,-432,34560,995328]],[[1,288,20736]],[[1]]]
4.5.131 [[[0,0,0,0,1],[-60,-460,-1565,-2210,623],[132192,630720,1031328,-796032,-158400],[2612736,75582720,276099840,371755008,-44872704],[-4407312384,-12576964608,4729798656,40418279424,31818645504],[-1671768834048,-7801587892224,-12816894394368,-8916100448256,-2229025112064]]] [50,3] [[[-1,529,-119232,6718464]],[[1,1152,331776]],[[1]]]
4.5.132 [[[0,0,0,0,1],[-72,-564,-1924,-2720,368],[154368,744192,1184256,-1050624,-442368],[6635520,99532800,329121792,414056448,-116785152],[-2293235712,-2293235712,22932357120,55037657088,36691771392],[-1320903770112,-6164217593856,-10126928904192,-7044820107264,-1761205026816]]] [16,1] [[[-1,784,-129024,5308416]],[[1,1152,331776]],[[1]]]
4.5.133 [[[0,0,0,0,1],[-48,-352,-1120,-1536,384],[46080,206848,277504,-507904,-126976],[5898240,36569088,77856768,66060288,-37748736],[2717908992,13136560128,23102226432,18119393280,5435817984],[347892350976,1623497637888,2667174690816,1855425871872,463856467968]]] [13,1] [[[1,-384,20480,3145728]],[[1,768,147456]],[[1]]]
4.5.134 [[[0,0,0,0,1],[-36,-296,-1000,-1408,16],[24912,127104,178176,-285696,-152064],[1002240,8017920,21786624,20791296,-20127744],[223948800,1189969920,2406481920,2300313600,911278080],[13934592000,65824358400,109353369600,76441190400,19110297600]]] [14,3] [[[1,-464,13056,331776]],[[1,480,57600]],[[1]]]
4.6.3 [[[0,0,0,0,49],[-784,-5586,-15750,-20328,-20832],[335104,1816304,4043188,4739808,3065568],[-51444064,-256875696,-491369152,-453667200,-207097856],[3660106624,16721014848,27915672384,21334995456,6782284032],[-119758342144,-506464133120,-738007054336,-452991516672,-101690253312],[1397922365440,5451897225216,6849819590656,3355013677056,559168946176]]] [-22,7] [[[1,-248,8464]],[[49,-8680,498192,-10078720,66064384]],[[1]]]
4.6.4 [[[0,0,0,0,361],[-4332,-31768,-90782,-118028,-82327],[530556,2802424,6216406,7600484,4307495],[-25260804,-125748612,-236037196,-213316800,-93729369],[554043972,2527211236,4165791036,3114116800,963255200],[-5695684920,-24053635196,-34776054452,-21082870240,-4664766064],[21739838760,84785371164,106525209924,52175613024,8695935504]]] [-4,1] [[[1,-185,3504,-23056,51984]],[[361,-15542,167281]],[[1]]]
4.6.5 [[[0,0,0,0,1],[-12,-64,-125,-122,-61],[-576,-4176,-8264,-6176,-1544],[622080,2414592,2823168,1345536,224256],[-51609600,-174735360,-164007936,-60162048,-7520256],[1548288000,4777574400,3786670080,1132462080,113246208],[-16349921280,-46883930112,-32275169280,-8153726976,-679477248]]] [-53,9] [[[-1,-3,2376,-69120,663552]],[[1,-64,1024]],[[1]]]
4.6.6 [[[0,0,0,0,1],[-12,-100,-305,-410,-205],[-3168,-14976,-23744,-16256,-4064],[-87480,-336492,-391668,-186336,-31056],[-806400,-2730240,-2562624,-940032,-117504],[-3024000,-9331200,-7395840,-2211840,-221184],[-3991680,-11446272,-7879680,-1990656,-165888]]] [-79,9] [[[-1,213,2376,8640,10368]],[[1,8,16]],[[1]]]
4.6.7 [[[0,0,0,0,1],[-18,-105,-231,-252,-126],[7128,31482,47169,31428,7857],[-1006020,-3828708,-4425516,-2099520,-349920],[73483200,248793120,233519112,85660416,10707552],[-2480058000,-7652750400,-6065513280,-1813985280,-181398528],[29463089040,84486364416,58160903040,14693280768,1224440064]]] [-52,9] [[[1,-54,2673,-87480,944784]],[[1,-72,1296]],[[1]]]
4.6.8 [[[0,0,0,0,169],[-3380,-25350,-74971,-99242,-65533],[1248624,6145360,12080808,12486736,5957080],[-99535488,-464488128,-804420096,-654585984,-236733120],[3735926784,16307101184,25236014080,17241773056,4723212800],[-66284789760,-273020596224,-380779597824,-220565766144,-46521974784],[450864414720,1758371217408,2209235632128,1082074595328,180345765888]]] [-50,13] [[[1,-293,4232]],[[169,-16016,549184,-8042496,42614784]],[[1]]]
4.6.9 [[[0,0,0,0,6561],[-13122,-72171,-159975,-175608,-99954],[-428004,-1521180,-2033921,-1177556,-205589],[8683524,25052328,26939429,12882402,2310517],[-32579600,-84939800,-80445300,-33268700,-5152600],[21290000,59050000,59427500,25650000,3982500],[-4500000,-12750000,-13250000,-6000000,-1000000]]] [-44,81] [[[-1,14,49,-297,400]],[[6561,-8100,2500]],[[1]]]
4.6.10 [[[0,0,0,0,1],[-18,-137,-391,-508,-254],[3672,17274,27265,18628,4657],[-98820,-379908,-441996,-210240,-35040],[907200,3071520,2882952,1057536,132192],[-3402000,-10497600,-8320320,-2488320,-248832],[4490640,12877056,8864640,2239488,186624]]] [-80,9] [[[1,-246,2673,-9720,11664]],[[1,-8,16]],[[1]]]
4.6.11 [[[0,0,0,0,1],[-912,-9984,-58112,-96256,71680],[48218112,353632256,1442054144,-3902799872,925892608],[-23404216320,-328564998144,-2304786825216,-3208340570112,-14186276978688],[3335591861157888,9856022231384064,-2063233569521664,-26480638043357184,-19326115881418752],[57500271192406228992,264876678809005326336,439748637590034579456,312200785168391208960,79828555194955726848],[-118367568574223461908480,-461633517439471501443072,-580001086013694963351552,-284082164578136308580352,-47347027429689384763392]]] [132,1] [[[-1,6144,28311552]],[[1,77824,1432354816,-3182570766336,1672357185847296]],[[1]]]
4.6.12 [[[0,0,0,0,1],[-10,-70,-199,-258,-33],[740,2536,692,-9600,-5520],[4640,16560,10688,-42720,-117200],[311680,1086976,1287424,448512,-114816],[3051520,12517376,19394560,13443072,3514368],[-13107200,-39321600,-42598400,-19660800,-3276800]]] [0,1] [[[-1,97,336,-3632,3200]],[[1,64,1024]],[[1]]]
4.6.14 [[[0,0,0,0,1],[-24,-164,-424,-520,-260],[13824,64320,100384,68224,17056],[-1416960,-5439744,-6319872,-3004416,-500736],[51609600,174735360,164007936,60162048,7520256],[-774144000,-2388787200,-1893335040,-566231040,-56623104],[4087480320,11720982528,8068792320,2038431744,169869312]]] [-95,12] [[[1,-228,9504,-138240,663552]],[[1,-32,256]],[[1]]]
4.6.15 [[[0,0,0,0,1],[48,224,352,256,896],[35840,178176,355328,278528,315392],[18087936,73924608,123994112,100663296,55574528],[4160749568,15166603264,21944598528,15569256448,5167382528],[446676598784,1477468749824,1855425871872,1065151889408,240518168576],[17592186044416,52776558133248,57174604644352,26388279066624,4398046511104]]] [13,1] [[[1]],[[1,896,315392,55574528,5167382528,240518168576,4398046511104]],[[1]]]
4.6.16 [[[0,0,0,0,1],[-80,-960,-5312,-8704,7168],[143360,2736128,11501568,-34471936,10551296],[-699400192,-3334471680,-5653921792,-5838471168,-9529458688],[-403458490368,-2734820425728,-6126770847744,-6339371728896,-3594887626752],[1224581075435520,3933502848368640,4786998749429760,2671813255495680,593736278999040],[759982437118771200,2279947311356313600,2469942920636006400,1139973655678156800,189995609279692800]]] [62,1] [[[1,-1024,196608]],[[1,8192,18743296,8053063680,966367641600]],[[1]]]
4.6.17 [[[0,0,0,0,1],[-14,-73,-154,-162,-81],[3256,11390,15571,9876,2469],[-162708,-457536,-476503,-215994,-35999],[2949480,7097160,6016050,2120880,265110],[-21420000,-45801000,-32942700,-9513000,-951300],[52920000,103194000,64827000,15876000,1323000]]] [4,15] [[[1,-71,1734,-16884,52920]],[[1,-10,25]],[[1]]]
4.6.18 [[[0,0,0,0,1],[-18,-94,-199,-210,-105],[5700,19672,26596,16760,4190],[-387468,-1074492,-1106604,-498960,-83160],[9869688,23581152,19871352,6988032,873504],[-104328000,-222642000,-159818400,-46116000,-4611600],[381024000,742996800,466754400,114307200,9525600]]] [0,1] [[[1,-105,4190,-83160,873504,-4611600,9525600]],[[1]],[[1]]]
4.6.19 [[[0,0,0,0,148035889],[579270870,2896354350,5779836014,5766963328,2883481664],[10113453740,34366713528,45261483340,28078126576,7019531644],[-467468307000,-1329500962686,-1390420827511,-631502559966,-105250426661],[-4509263458080,-10763637186960,-9035863441700,-3172477072480,-396559634060],[-10079840601600,-21393495816000,-15270817993200,-4396847532000,-439684753200],[-6164262720000,-12020312304000,-7551221832000,-1849278816000,-154106568000]]] [-8,23] [[[-148035889,-2883481664,-7019531644,105250426661,396559634060,439684753200,154106568000]],[[1]],[[1]]]
4.6.20 [[[0,0,0,0,1],[2,11,24,26,13],[-296,-874,-1001,-564,-141],[-2616,-8808,-10262,-4884,-814],[122640,294224,247828,87136,10892],[-780864,-1658160,-1184232,-341040,-34104],[1317120,2568384,1613472,395136,32928]]] [-1,21] [[[1,-15,83,-198,168]],[[1,28,196]],[[1]]]
4.6.21 [[[0,0,0,0,1],[6,27,47,40,20],[-120,-526,-835,-572,-143],[-27576,-72792,-71406,-31428,-5238],[-317520,-689040,-526500,-177120,-22140],[3240000,7182000,5351400,1566000,156600],[38880000,75816000,47628000,11664000,972000]]] [-3,5] [[[1,0,-243,-378,9720]],[[1,20,100]],[[1]]]
4.6.22 [[[0,0,0,0,4096],[-13312,-78848,-187392,-217088,-108544],[-36096,-60928,-11008,19456,4864],[2739264,7532928,7674240,3442176,573696],[2294352,4620672,3290976,1067904,133488],[-13018320,-27915300,-20136060,-5821200,-582120],[-11907000,-23218650,-14586075,-3572100,-297675]]] [-19,24] [[[-256,7168,-10912,-23520,33075]],[[16,24,9]],[[1]]]
4.6.23 [[[0,0,0,0,594823321],[-1681914218,-9599217732,-22069996324,-24941557184,-12470778592],[-9242748108,-41701287760,-67293543464,-46442899584,-11610724896],[240566071968,663210564780,675430234228,302906697312,50484449552],[-1367276391504,-3325903534272,-2836805694000,-1002664905216,-125333113152],[3572155745280,7623314392320,5472312516864,1579059855360,157905985536],[-2534357237760,-4941996613632,-3104587616256,-760307171328,-63358930944]]] [-20,29] [[[-707281,13657840,36896352,-8313488,109998144]],[[841,-1392,576]],[[1]]]
4.6.24 [[[0,0,0,0,729],[486,1701,1701,0,0],[-142560,-461214,-585387,-354780,-88695],[-1203984,-3155436,-3076002,-1349460,-224910],[21404592,49030128,39883068,13812768,1726596],[75055680,156366000,109456200,31273200,3127320],[-453152000,-883646400,-555111200,-135945600,-11328800]]] [-1,3] [[[-729,0,88695,224910,-1726596,-3127320,11328800]],[[1]],[[1]]]
4.6.25 [[[0,0,0,0,4826809],[4084223,30074733,83540925,106932384,53466192],[-746727345,-2673937942,-3709359875,-2372390904,-593097726],[14315357602,39407714229,40196402077,18040331556,3006721926],[-94684236088,-224349452964,-187489635801,-65701136280,-8212642035],[292507707128,623198422210,446594419817,128781894150,12878189415],[-395103079840,-770451005688,-484001272804,-118530923952,-9877576996]]] [-8,13] [[[-4826809,-53466192,593097726,-3006721926,8212642035,-12878189415,9877576996]],[[1]],[[1]]]
4.6.26 [[[0,0,0,0,1849],[-3698,-24037,-61662,-75250,-35690],[-368510,-1383525,-2007703,-1342738,-354697],[-2348230,-6951423,-7763518,-3928308,-774028],[-3321450,-8994645,-8960520,-3960420,-666345],[-1161000,-3266100,-3347100,-1481850,-239850],[-135000,-384750,-401625,-182250,-30375]]] [-40,43] [[[-1,22,135]],[[1849,4988,4654,1740,225]],[[1]]]
4.6.27 [[[0,0,0,0,24137569],[-105069418,-549484659,-1155763598,-1212557878,-606278939],[5390111256,18676464894,25120026523,15781794076,3945448519],[-32569298904,-91101169440,-93442872282,-42050543868,-7008423978],[-174815457264,-426336402096,-364537547244,-128976723360,-16122090420],[304550245440,647723064240,463338684648,133517628720,13351762872],[-98156862720,-191405882304,-120242156832,-29447058816,-2453921568]]] [-7,17] [[[-83521,2038895,-12202447,15383130,68164488]],[[289,-204,36]],[[1]]]
4.6.28 [[[0,0,0,0,729],[-486,-14094,-59292,-90396,-45198],[-2105028,-7956792,-11699964,-7721568,-1930392],[-116535348,-333452052,-353999781,-161899398,-26983233],[-1971384624,-4776300144,-4081333212,-1443629088,-180453636],[-13205823840,-28350808200,-20474572140,-5921764200,-592176420],[-30751424000,-59965276800,-37670494400,-9225427200,-768785600]]] [-8,3] [[[-81,6210,127764,790305,1588400]],[[1]],[[9,132,484]]]
4.6.30 [[[0,0,0,0,1],[20,92,164,144,72],[2160,5792,5392,2496,624],[-277056,-829056,-923776,-431616,-71936],[-25691904,-62662656,-53942784,-19138560,-2392320],[-623185920,-1338946560,-967744512,-279982080,-27998208],[-4551966720,-8876335104,-5576159232,-1365590016,-113799168]]] [-1,1] [[[-1,36]],[[1,108,4512,90496,865536,3161088]],[[1]]]
4.6.31 [[[0,0,0,0,729],[972,3402,3402,0,0],[-243648,-783432,-994356,-602640,-150660],[-2844396,-7397568,-7162317,-3130974,-521829],[62962560,142671744,115377120,39854592,4981824],[295802496,616255200,431378640,123251040,12325104],[-2439398720,-4756827504,-2988263432,-731819616,-60984968]]] [-1,3] [[[-729,0,150660,521829,-4981824,-12325104,60984968]],[[1]],[[1]]]
4.6.33 [[[0,0,0,0,1],[-1360,-4928,-6464,-3072,-1536],[-651264,-262144,1703936,1835008,458752],[3251634176,5410652160,3615490048,1207959552,201326592],[-1545382920192,-2714419331072,-1846835937280,-584115552256,-73014444032],[-335625924378624,-474164389478400,-259759622062080,-65970697666560,-6597069766656],[205195258022068224,273593677362757632,136796838681378816,30399297484750848,2533274790395904]]] [-22,1] [[[1]],[[1,-2048,1441792,-402653184,38654705664]],[[1,512,65536]]]
4.6.34 [[[0,0,0,0,9],[-60,-228,-324,-192,-96],[-9936,-28672,-31744,-17408,-4352],[793856,1320960,882688,294912,49152],[3084288,10485760,9961472,3670016,458752],[-353173504,-478412800,-252968960,-62914560,-6291456],[1358954496,1811939328,905969664,201326592,16777216]]] [-2,9] [[[1]],[[9,-384,5632,-32768,65536]],[[1,32,256]]]
4.6.35 [[[0,0,0,0,1],[-84,-390,-741,-702,-189],[57672,171396,195534,84564,1458],[-6088608,-12203460,-6386040,2361960,1180980],[-41570496,-385944264,-648121824,-365631408,-29760696],[7856823744,16045266672,8290479600,-1836660096,-1836660096],[247949112960,665330119776,668085109920,297538935552,49589822592]]] [15,2] [[[1,-81,1458]],[[1,-108,-8748,629856,34012224]],[[1]]]
4.6.36 [[[0,0,0,0,49],[98,294,126,-336,-840],[-31108,-123144,-186660,-120768,-25968],[-1217328,-2782080,-2142720,-440832,58112],[61952,3895296,7815168,5259264,909312],[17874944,42074112,33030144,7864320,-786432],[-42467328,-113246208,-113246208,-50331648,-8388608]]] [-8,7] [[[-1,16,512]],[[49,-56,-1776,1024,16384]],[[1]]]
4.6.37 [[[0,0,0,0,1],[-176,-816,-1584,-1536,-96],[167936,459264,446976,-24576,-113664],[-10665984,14598144,80068608,101056512,7438336],[-1278214144,-3641180160,-816316416,4592762880,3403677696],[-426543939584,-1206348939264,-1302180397056,-631360192512,-112742891520],[-34093450395648,-90915867721728,-90915867721728,-40407052320768,-6734508720128]]] [73,4] [[[-1,32,2048]],[[1,-64,-113664,3670016,3288334336]],[[1]]]
4.6.38 [[[0,0,0,0,1],[-74,-334,-598,-528,-168],[24284,75800,89772,42560,1040],[-830080,-1046784,937856,2065920,582400],[-41107456,-119742464,-117092352,-35471360,3829760],[-1394343936,-3860594688,-4028891136,-1875640320,-325582848],[-15099494400,-40768634880,-41108373504,-18345885696,-3057647616]]] [132,25] [[[-1,16,256]],[[1,-152,-1136,525312,11943936]],[[1]]]
4.6.39 [[[0,0,0,0,1],[24,148,344,392,196],[16128,73536,112672,75904,18976],[2903040,11114496,12883968,6119424,1019904],[206438400,698941440,656031744,240648192,30081024],[6193152000,19110297600,15146680320,4529848320,452984832],[65399685120,187535720448,129100677120,32614907904,2717908992]]] [-27,4] [[[1,132,9504,276480,2654208]],[[1,64,1024]],[[1]]]
4.6.40 [[[0,0,0,0,1],[-1554,-12914,-60702,-95576,62504],[98893668,480978064,1392981860,-3405985824,567961584],[318108479472,2523806475792,4388036250752,6250502592768,-12867680148736],[7694834671368768,41581392893776960,87886999560343424,90246759904394240,40005029653114624],[15615965529777989376,89808454889177326848,203647669227432009216,185654873274584942592,56199693406552270848],[-599619313552962463488000,-2338515322856553607603200,-2938134636409516071091200,-1439086352527109912371200,-239847725421184985395200]]] [148,1] [[[-1,11024,-26942560,-51234156288,177455755411200]],[[1,73528,1351591696]],[[1]]]
4.7.1 [[[0,0,0,0,49],[0,-98,-462,-728,-644],[-25088,-106680,-170532,-115392,-29328],[-561568,-1780464,-1927728,-716160,-45760],[-1561088,-3332608,-379392,3031040,1141760],[3112960,17940480,32292864,21626880,2850816],[3670016,11010048,4718592,-12582912,-11534336],[-33554432,-134217728,-201326592,-134217728,-33554432]]] [-8,7] [[[-1,16,512]],[[49,140,-2000,-6080,20480,65536]],[[1]]]
4.7.2 [[[0,0,0,0,1],[48,304,816,1024,352],[40960,213504,483840,319488,-89088],[15908864,62472192,83902464,-49152000,-36536320],[1259339776,3589799936,1763180544,-17469276160,1499463680],[96502546432,185220464640,10871635968,64424509440,984084381696],[9620726743040,41850161332224,73598559584256,63496796504064,22127671508992],[-1724034232352768,-6896136929411072,-10344205394116608,-6896136929411072,-1724034232352768]]] [73,4] [[[-1,-32,2048]],[[1,320,-97280,-32768000,2348810240,841813590016]],[[1]]]
4.7.3 [[[0,0,0,0,1],[0,-4,-19,-30,39],[-384,-1352,-2114,-2140,32],[-22752,-77328,-105552,-73440,-18468],[-606528,-1877472,-2276640,-1332288,-331776],[-7921152,-22398336,-24103872,-12033792,-2407104],[-48771072,-125411328,-118195200,-49268736,-7713792],[-107495424,-250822656,-206032896,-71663616,-8957952]]] [0,1] [[[-1,-3,400,5040,20736,27648]],[[1,36,324]],[[1]]]
4.7.4 [[[0,0,0,0,9],[504,4788,17076,24576,9120],[101760,620160,565120,-3227648,-2616320],[7495680,47665152,97153024,67633152,163545088],[-317849600,-2211577856,-5619187712,-5486149632,383778816],[9135194112,51816431616,89556779008,33285996544,5100273664],[14495514624,141733920768,462245855232,566935683072,146028888064],[34359738368,274877906944,824633720832,1099511627776,549755813888]]] [-29,3] [[[1,1248,-10240,131072]],[[9,-2112,111616,1441792,4194304]],[[1]]]
4.7.5 [[[0,0,0,0,1],[-304,-3776,-20160,-32768,17408],[13860864,119734272,369360896,-180355072,39845888],[47563407360,460232589312,1631080939520,3201898119168,196494753792],[326108276850688,2702324703166464,8087320339152896,8705933068730368,5487662534230016],[380202324791918592,2325546257583439872,3259198755332685824,-4409024035195715584,-5753348523965808640],[-17726168133330272256,-228278457912155701248,-880255568767327666176,-913113831648622804992,1314330515251805552640],[5312662293228350865408,42501298345826806923264,127503895037480420769792,170005193383307227693056,85002596691653613846528]]] [34,1] [[[1,-5120,40894464,2147483648]],[[1,22528,114294784,-141733920768,39582418599936]],[[1]]]
4.7.6 [[[0,0,0,0,9],[-36,-189,-399,-420,-336],[1488,6360,10903,9340,4393],[1824,-16920,-54038,-55440,-23338],[-210688,-476672,-328732,-41152,27196],[804160,2316048,2381960,1016288,146216],[413952,-37632,-1301440,-1110144,-260288],[-4214784,-9834496,-8078336,-2809856,-351232]]] [-1,3] [[[-1,28,-205,70,2096,1792]],[[9,-84,196]],[[1]]]
4.7.7 [[[0,0,0,0,9],[-54,-288,-618,-660,-528],[4824,19632,32164,26440,11692],[-89676,-346176,-519741,-374814,-123365],[499480,2065840,3182314,2205876,619314],[-707696,-3451624,-5865200,-4256208,-1134936],[-1560416,-4367616,-4507976,-2044416,-343640],[-255552,-596288,-489808,-170368,-21296]]] [-1,3] [[[-1,44,-600,2541,722,44]],[[9,-132,484]],[[1]]]
4.7.8 [[[0,0,0,0,9],[-108,-531,-1041,-1020,-816],[19728,71112,103783,76540,31273],[-1044576,-3240072,-3955914,-2362320,-656438],[25237632,70904768,76088452,38411008,8147996],[-313654080,-818017424,-791881352,-347312992,-59794984],[1959614208,4812141312,4269302208,1656982656,240207552],[-4890046464,-11410108416,-9372589056,-3260030976,-407503872]]] [-1,3] [[[-1,68,-1805,23290,-145584,352512]],[[9,-204,1156]],[[1]]]
4.7.9 [[[0,0,0,0,1],[-42,-201,-381,-360,-288],[23472,83214,118881,85860,35073],[-3875040,-11871036,-14284998,-8424324,-2340090],[293874480,817972992,869227524,435545424,92352636],[-11496131712,-29803211280,-28676556360,-12525001488,-2155524696],[226521411840,554671348992,490694355648,190094319936,27549901440],[-1785233613312,-4165545097728,-3421697758848,-1190155742208,-148769467776]]] [-1,3] [[[1]],[[-1,288,-35073,2340090,-92352636,2155524696,-27549901440,148769467776]],[[1]]]
4.7.10 [[[0,0,0,0,1],[-6,-33,-73,-80,-76],[648,2726,4745,4228,2209],[-20232,-73296,-109782,-83628,-31230],[307152,987120,1263060,797904,225180],[-2312064,-6684336,-7408152,-3836592,-800712],[8149248,21088512,20046528,8444736,1337472],[-10077696,-23514624,-19315584,-6718464,-839808]]] [-3,5] [[[-1,48,-621,1458]],[[1,-28,244,-672,576]],[[1]]]
4.7.11 [[[0,0,0,0,1],[-8,-52,-120,-136,92],[3712,16576,18464,3456,5664],[-45056,142336,1206272,983040,363520],[3375104,16023552,32669696,40239104,14778368],[87031808,429916160,803209216,754974720,298844160],[1140850688,5570035712,9932111872,8053063680,2684354560],[6442450944,30064771072,49392123904,34359738368,8589934592]]] [-27,4] [[[1,-4,2976,57344,262144]],[[1,96,3072,32768]],[[1]]]
4.7.12 [[[0,0,0,0,1],[30,174,417,486,297],[18792,83916,153090,119556,21870],[3551688,13060764,17583480,6456024,-1023516],[214465968,599465448,424208016,-365631408,-157306536],[561201696,-8851681296,-30075309072,-31223221632,-1377495072],[-146014477632,-494520730848,-450440888544,99179645184,247949112960],[5206931372160,21125264424192,31985435571840,21422803359744,5355700839936]]] [15,2] [[[1,81,1458]],[[1,216,2916,-1574640,-34012224,3673320192]],[[1]]]
4.7.13 [[[0,0,0,0,1],[80,448,1024,1152,704],[104448,466944,860160,671744,122880],[47448064,173801472,231997440,85983232,-13631488],[6677331968,18756927488,13522436096,-11542724608,-4966055936],[51539607552,-631360192512,-2229088026624,-2336462209024,-103079215104],[-25288767438848,-87411174408192,-80814104641536,17592186044416,43980465111040],[2111062325329920,8725724278030336,13370061393756160,9007199254740992,2251799813685248]]] [20,1] [[[1,192,8192]],[[1,512,16384,-20971520,-1073741824,274877906944]],[[1]]]
4.7.14 [[[0,0,0,0,1],[624,3360,7248,7776,4752],[4686336,20984832,39191040,30606336,5598720],[14655209472,53389393920,70409502720,26443874304,-4192321536],[13590861447168,38450683183104,28451028860928,-23962019954688,-10309241143296],[909442245722112,-8238476814188544,-30814043149172736,-32739920845996032,-1444408272617472],[-2311053236187955200,-8227349520829120512,-7765138873591529472,1663958330055327744,4159895825138319360],[1277919997482491707392,5431159989300589756416,8466219983321507561472,5750639988671212683264,1437659997167803170816]]] [145,2] [[[1,1296,373248]],[[1,-1728,746496]],[[1,5184,8957952,5159780352]]]
4.7.15 [[[0,0,0,0,1],[20,118,274,312,276],[5600,30440,66876,63296,19184],[748000,3126000,4675120,2305920,-470080],[19246400,57909760,19461120,-132792320,-59069440],[-257817600,-1772298240,-3842826240,-2782494720,739196928],[23439605760,98333097984,156661972992,113897373696,32105299968],[-312134860800,-1284211998720,-1963009769472,-1320903770112,-330225942528]]] [132,25] [[[-1,-16,256]],[[1,260,15280,-648000,-44789760,1289945088]],[[1]]]
4.7.16 [[[0,0,0,0,25],[0,-150,-710,-1120,-380],[-24000,-77440,-98716,-63488,-17456],[118800,126720,-74160,-161280,-66240],[8475840,20583936,17368704,6045696,707328],[-20528640,-33136128,-9538560,4644864,1575936],[-126157824,-284663808,-216566784,-63700992,-5640192],[-134369280,-322486272,-271724544,-95551488,-11943936]]] [4,15] [[[-1,36]],[[25,-80,-416,768,2304]],[[1,24,144]]]
4.7.17 [[[0,0,0,0,1],[27,132,258,252,261],[12582,47520,73764,58104,29106],[1986768,6507054,8543394,5552064,1797714],[151397262,448488090,515524014,281458152,66412629],[6111709281,16709489190,17145782568,7984605780,1467308601],[126302268060,322366796190,298678699350,120190696560,17948534040],[1054644664500,2531147194800,2132725877100,749969539200,93746192400]]] [13,9] [[[1,99,3267,35721]],[[1,162,9801,262440,2624400]],[[1]]]
4.7.18 [[[0,0,0,0,1],[176,1216,2752,3072,-2304],[589824,2539520,-409600,-5242880,1638400],[203423744,377487360,-1317011456,2617245696,-150994944],[-16106127360,-92341796864,15032385536,-274877906944,-227633266688],[-24532853194752,-78340203479040,-68444598829056,-65970697666560,49478023249920],[10766417859182592,42432352739131392,62698551062298624,40532396646334464,7599824371187712],[-1945555039024054272,-7782220156096217088,-11673330234144325632,-7782220156096217088,-1945555039024054272]]] [-22,1] [[[1]],[[-1,2816,-3014656,1509949440,-347892350976,29686813949952]],[[1,512,65536]]]
4.7.19 [[[0,0,0,0,27],[108,468,756,576,-432],[-23472,-78528,-99264,-61440,-11520],[-132096,-34816,501760,606208,217088],[16637952,44793856,39354368,12582912,589824],[-72351744,-302776320,-402391040,-188743680,-26214400],[240123904,926941184,1329594368,805306368,150994944],[-268435456,-1073741824,-1610612736,-1073741824,-268435456]]] [-2,9] [[[1]],[[-27,1296,-23040,188416,-720896,1048576]],[[1,32,256]]]
4.7.20 [[[0,0,0,0,1],[4,2,-42,-88,-71],[-3132,-10462,-13294,-6848,-875],[-208620,-403812,-276444,-57240,3357],[-1229580,-1214676,262116,679104,149283],[7820712,23317794,22661694,8345592,492075],[103453848,162620946,73338858,0,-4782969],[-688747536,-1377495072,-1033121304,-344373768,-43046721]]] [-2,3] [[[-1,81]],[[1,10,-65,-1908,-5265,65610,531441]],[[1]]]
4.7.21 [[[0,0,0,0,1],[-252,-1134,-2106,-1944,-243],[784404,1896858,1733562,489888,-54675],[-193444524,-269499636,-55820988,125183880,36275769],[-2582803260,-49073261940,-78421559724,-44692062336,-1784047437],[6276211921800,13321840934754,7896404406798,-176663742984,-1016978783625],[1525119496997400,3523026038063994,3095992578904722,1220095597597920,180472473811359],[88944969064888368,177889938129776736,133417453597332552,44472484532444184,5559060566555523]]] [82,3] [[[1,27]],[[1,-270,-47385,37555164,-2798036865,-941431788270,205891132094649]],[[1]]]
4.8.1 [[[0,0,0,0,1],[-6,-43,-120,-154,-77],[-640,-3178,-5689,-4100,-1049],[-2016,-8424,-11360,-3696,616],[-11936,-39152,-22496,33312,16656],[-5120,-5952,27392,49280,4928],[-6400,-6144,20288,-6144,-67136],[-3072,-22016,-61440,-78848,-39424],[4096,16384,24576,16384,4096]]] [-3,1] [[[1,-77,-1033,-616,64]],[[1,0,-16,0,64]],[[1]]]
4.8.2 [[[0,0,0,0,1],[-6,-41,-111,-140,-70],[-192,-886,-1591,-1148,-71],[17280,69336,92808,30240,-5040],[59616,184464,163872,-41184,-20592],[-393984,-388800,2026944,3628800,362880],[933120,4478976,7397568,4478976,-368064],[2239488,15303168,41430528,52254720,26127360],[26873856,107495424,161243136,107495424,26873856]]] [-5,3] [[[1,-70,-215,5040,5184]],[[1,0,144,0,5184]],[[1]]]
4.8.3 [[[0,0,0,0,1],[-8,-52,-136,-168,-84],[384,2112,3744,2688,1440],[77824,297984,395264,129024,-21504],[98304,212992,819200,1212416,606208],[-6291456,-4980736,30932992,55050240,5505024],[50331648,201326592,283115520,201326592,94371840],[134217728,872415232,2281701376,2818572288,1409286144],[4294967296,17179869184,25769803776,17179869184,4294967296]]] [1,4] [[[1,-84,928,21504,65536]],[[1,0,512,0,65536]],[[1]]]
4.8.4 [[[0,0,0,0,1],[-6,-39,-102,-126,-63],[576,2862,4995,3564,1539],[49248,188568,250128,81648,-13608],[-54432,-174960,396576,1143072,571536],[-3359232,-2659392,16516224,29393280,2939328],[31912704,120932352,165022272,120932352,71803584],[60466176,393030144,1027924992,1269789696,634894848],[2176782336,8707129344,13060694016,8707129344,2176782336]]] [-1,3] [[[1,-63,1107,13608,46656]],[[1,0,432,0,46656]],[[1]]]
4.8.5 [[[0,0,0,0,1],[-12,-76,-195,-238,-119],[960,5504,9920,7168,3520],[255744,953856,1258560,411264,-68544],[331776,221184,3612672,6782976,3391488],[-46448640,-31850496,222621696,394813440,39481344],[573308928,2293235712,3163815936,2293235712,1167851520],[2293235712,14523826176,37265080320,45482508288,22741254144],[110075314176,440301256704,660451885056,440301256704,110075314176]]] [8,3] [[[1,-119,2368,68544,331776]],[[1,0,1152,0,331776]],[[1]]]
4.8.6 [[[0,0,0,0,1],[-9,-63,-173,-220,-110],[615,3082,5533,3992,1025],[3321,13581,18243,5940,-990],[-12879,-42822,-24534,36576,18288],[-9477,-10125,49653,89100,8910],[8019,8748,-23733,8748,83025],[6561,45927,126117,160380,80190],[6561,26244,39366,26244,6561]]] [-8,3] [[[1,-110,1007,990,81]],[[1,0,18,0,81]],[[1]]]
4.8.7 [[[0,0,0,0,1],[-12,-80,-212,-264,-132],[2320,11616,20848,15040,3856],[14976,58368,77696,25344,-4224],[-173056,-574464,-329728,489472,244736],[-151552,-131072,757760,1351680,135168],[376832,393216,-1163264,393216,3948544],[393216,2621440,6946816,8650752,4325376],[1048576,4194304,6291456,4194304,1048576]]] [-3,4] [[[1,-132,3792,4224,1024]],[[1,0,64,0,1024]],[[1]]]
4.8.8 [[[0,0,0,0,1],[-9,-60,-159,-198,-99],[1989,9936,17820,12852,3294],[9477,36936,49167,16038,-2673],[-125145,-414072,-237654,352836,176418],[-80919,-69984,404595,721710,72171],[229635,236196,-708588,236196,2401326],[177147,1180980,3129597,3897234,1948617],[531441,2125764,3188646,2125764,531441]]] [-4,3] [[[1,-99,3240,2673,729]],[[1,0,54,0,729]],[[1]]]
4.8.9 [[[0,0,0,0,1],[-18,-117,-304,-374,-187],[5232,26230,47095,33980,8711],[49248,186840,247392,80784,-13464],[-878688,-2921616,-1677600,2488032,1244016],[-1119744,-844992,5453568,9694080,969408],[4292352,4478976,-13369536,4478976,45157824],[6718464,43670016,113467392,139594752,69797376],[26873856,107495424,161243136,107495424,26873856]]] [5,3] [[[1,-187,8567,13464,5184]],[[1,0,144,0,5184]],[[1]]]
4.8.10 [[[0,0,0,0,1],[-12,-76,-196,-240,-120],[2928,13408,23536,16832,3344],[-127872,-480384,-634752,-207360,34560],[2405376,7160832,5068800,-4184064,-2092032],[-11612160,-8294400,56070144,99532800,9953280],[-35831808,-286654464,-571981824,-286654464,277364736],[-286654464,-1815478272,-4682022912,-5733089280,-2866544640],[6879707136,27518828544,41278242816,27518828544,6879707136]]] [7,12] [[[1,-120,3920,-34560,82944]],[[1,0,-576,0,82944]],[[1]]]
4.8.11 [[[0,0,0,0,1],[-9,-57,-147,-180,-90],[2187,10098,17793,12744,2457],[-80919,-303993,-401679,-131220,21870],[1554957,4684554,3372354,-2624400,-1312200],[-6200145,-4428675,29937843,53144100,5314410],[-23914845,-172186884,-336402153,-172186884,145083393],[-129140163,-817887699,-2109289329,-2582803260,-1291401630],[3486784401,13947137604,20920706406,13947137604,3486784401]]] [0,1] [[[1,-90,2943,-21870,59049]],[[1,0,-486,0,59049]],[[1]]]
4.8.12 [[[0,0,0,0,1],[-18,-111,-281,-340,-170],[6480,29322,51273,36612,7209],[-419904,-1537704,-2021112,-660960,110160],[11967264,35166960,24984288,-20365344,-10182672],[-85660416,-52488000,403527744,713836800,71383680],[-408146688,-3265173504,-6428310336,-3265173504,3027087936],[-4897760256,-30202854912,-76459479552,-92513249280,-46256624640],[176319369216,705277476864,1057916215296,705277476864,176319369216]]] [3,1] [[[1,-170,8505,-110160,419904]],[[1,0,-1296,0,419904]],[[1]]]
4.8.13 [[[0,0,0,0,1],[-12,-72,-180,-216,-108],[4176,18144,31536,22464,3024],[-362880,-1306368,-1710720,-559872,93312],[12192768,35085312,28366848,-13436928,-6718464],[-98537472,-53747712,456855552,806215680,80621568],[-1397440512,-7739670528,-13221937152,-7739670528,2257403904],[-7739670528,-46438023168,-116095057920,-139314069504,-69657034752],[557256278016,2229025112064,3343537668096,2229025112064,557256278016]]] [23,12] [[[1,-108,4752,-93312,746496]],[[1,0,-1728,0,746496]],[[1]]]
4.8.14 [[[0,0,0,0,1],[-24,-140,-344,-408,-204],[13440,56896,97696,69248,10400],[-1880064,-6607872,-8607744,-2820096,470016],[98205696,272941056,214401024,-117080064,-58540032],[-1358954496,-615776256,6157762560,10829168640,1082916864],[-24461180928,-146767085568,-252935405568,-146767085568,55207526400],[-293534171136,-1712282664960,-4207323119616,-4990080909312,-2495040454656],[28179280429056,112717121716224,169075682574336,112717121716224,28179280429056]]] [59,12] [[[1,-204,15008,-470016,5308416]],[[1,0,-4608,0,5308416]],[[1]]]
4.8.15 [[[0,0,0,0,1],[-18,-105,-258,-306,-153],[9072,38286,65907,46764,5859],[-1189728,-4181544,-5447088,-1784592,297432],[59836320,167856624,137518560,-60676128,-30338064],[-725594112,-328784832,3287848320,5782078080,578207808],[-15917720832,-88159684608,-148259284416,-88159684608,22141957824],[-132239526912,-771397240320,-1895433219072,-2248071957504,-1124035978752],[14281868906496,57127475625984,85691213438976,57127475625984,14281868906496]]] [13,3] [[[1,-153,9747,-297432,3779136]],[[1,0,-3888,0,3779136]],[[1]]]
4.8.16 [[[0,0,0,0,2209],[-11045,-72897,-190021,-234248,-116983],[-161022,-701851,-1135848,-790072,-208867],[38352,149319,383912,637644,370857],[-1770676,-5161283,-4424049,-511820,291161],[2151,-260936,-750755,-749482,-406192],[483678,2462238,4118877,2450250,143235],[21870,119556,287226,335340,154548],[-236196,-944784,-1417176,-944784,-236196]]] [-90,47] [[[-1,53,90,-50,81]],[[2209,94,-5075,-108,2916]],[[1]]]
4.8.17 [[[0,0,0,0,4],[-12,-92,-286,-388,-212],[18522,111366,263607,208590,-15915],[1299402,5552064,8455149,7877574,3655728],[168006069,719312319,832243167,-1222142256,-212256369],[-363623742,-11160320049,-41105307978,-49942699416,-21898734993],[66071933766,167867862993,90082438146,217127660724,999004386123],[4224433012056,28023286230837,73290271006575,90533969551476,45321611064687],[-69320760676281,-277283042705124,-415924564057686,-277283042705124,-69320760676281]]] [7,9] [[[-1,50,-7290,-347733,531441]],[[4,-12,-45675,68526,130439241]],[[1]]]
4.8.18 [[[0,0,0,0,169],[-676,-4394,-11323,-13858,-6929],[-35152,-159536,-265720,-185952,-48984],[336960,1175616,1495936,843648,208832],[-1098240,-3208192,-2512896,223232,383488],[729088,172032,-3960832,-5201920,-1552384],[917504,5111808,8945664,5111808,-294912],[262144,1835008,5242880,6815744,3407872],[-2097152,-8388608,-12582912,-8388608,-2097152]]] [-22,13] [[[-1,41,280,-832,512]],[[169,0,-1664,0,4096]],[[1]]]
4.8.19 [[[0,0,0,0,1],[-16,-112,-320,-416,-208],[5120,29184,63744,49152,2304],[-245760,-1302528,-2330624,1007616,1552384],[31064064,122028032,112852992,-167772160,-49086464],[-368050176,-1976565760,-3571449856,136314880,-3421503488],[9160359936,20937965568,3707764736,20937965568,102726893568],[181462368256,1179505393664,3039494668288,3719978549248,1859989274624],[-5806795784192,-23227183136768,-34840774705152,-23227183136768,-5806795784192]]] [5,2] [[[-1,208,-8960,-167936,524288]],[[1,0,-6656,0,11075584]],[[1]]]
4.8.20 [[[0,0,0,0,289],[-1734,-12138,-33218,-42160,-21998],[-81600,-368492,-590936,-359008,-57748],[-209304,-673812,-503748,308160,258456],[-634896,-1736136,-665192,1331072,415360],[167808,1054320,2103024,1285632,-449280],[42048,516960,1011360,9216,-975360],[-338688,-1476864,-2492928,-1990656,-663552],[-276480,-1142784,-1751040,-1179648,-294912]]] [-45,17] [[[-1,74,352,192,128]],[[289,-612,-1308,1728,2304]],[[1]]]
4.8.21 [[[0,0,0,0,1],[0,6,33,54,-81],[-1152,-4968,-8532,-8640,-702],[168480,719280,1139832,746496,225504],[-10295424,-39937536,-55281528,-30932928,-6648480],[261740160,925468416,1087866288,439009632,39366000],[-1698091776,-4500950976,-2127653568,2040733440,878649120],[-18139852800,-75030966144,-108090847872,-59997563136,-7958860416],[-57140536320,-246112452864,-387535280256,-264479053824,-66119763456]]] [-1,6] [[[-1,9,1998,-64152,629856]],[[1,-72,648,23328,104976]],[[1]]]
4.8.22 [[[0,0,0,0,1444],[-10108,-67868,-179550,-223364,-114532],[402002,1810054,3057079,2305502,689717],[-1576582,-6295992,-9142457,-5812350,-1438808],[663471,3375833,6297445,5075392,1395491],[52928,-604005,-2407768,-2657224,-834163],[-4832,148359,572576,692484,277543],[-1958,-20295,-70345,-100100,-50875],[-121,-484,-726,-484,-121]]] [-45,19] [[[-1,78,-374,425,1]],[[1444,-1900,1461,-550,121]],[[1]]]
4.8.23 [[[0,0,0,0,121],[2783,23595,75295,103400,50875],[-4444,-29513,-160382,-417688,-277543],[-72226,-423489,-558926,679428,834163],[94818,425155,555785,-506572,-1395491],[49505,307104,338255,-57118,1438808],[-33242,-146466,-278875,-453366,-689717],[12958,79268,196650,234764,114532],[-1444,-5776,-8664,-5776,-1444]]] [-90,11] [[[-1,-425,374,-78,1]],[[121,-550,1461,-1900,1444]],[[1]]]
4.8.24 [[[0,0,0,0,9],[-36,-234,-603,-738,-342],[-2556,-12510,-22605,-17106,-6135],[36288,134568,190200,142200,52992],[-683616,-2151888,-1727864,450992,482296],[-129664,-3273952,-9657264,-9689728,-3290416],[8114944,39123072,64345600,34978176,-6580992],[15837184,80152064,166659840,171651584,74914048],[-168222720,-695320576,-1065410560,-717750272,-179437568]]] [-43,24] [[[-1,40,504,-3088,8192]],[[9,18,-879,-888,21904]],[[1]]]
4.8.25 [[[0,0,0,0,1],[-36,-174,-282,-216,-864],[26064,140400,293652,239328,301536],[-12913344,-58113936,-105048576,-88926336,-55302912],[3037849920,12355488576,19628039232,14961646080,5816883456],[-352231711488,-1335411173376,-1906906116096,-1255976534016,-354869268480],[17547096158208,63970311831552,85369210896384,50640664264704,11796547829760],[-201757731323904,-823686696271872,-1224353960165376,-777929764110336,-178322008965120],[910185254092800,3744762188267520,5724136487780352,3851755393646592,962938848411648]]] [32,3] [[[1,-144,6912]],[[1,-720,190944,-22830336,1209510144,-22896525312,139314069504]],[[1]]]
4.8.26 [[[0,0,0,0,121],[-1210,-9075,-26323,-34496,-16687],[-24266,-106953,-202166,-207620,-90362],[-53130,-217437,-415082,-507996,-245714],[-15226,-183269,-564786,-785972,-407863],[-25160,-279826,-728323,-790148,-434831],[-61152,-303576,-586744,-562248,-290888],[-39040,-172960,-310160,-274400,-104560],[-12800,-51200,-76800,-51200,-12800]]] [-42,11] [[[-1,143,32]],[[121,616,1598,2512,2489,1480,400]],[[1]]]
4.8.27 [[[0,0,0,0,25],[-400,-2650,-7145,-8990,-6535],[145920,693440,1290656,1202608,581776],[-7573760,-34924800,-61879360,-60747264,-27829184],[38162432,450230272,1339490304,1731543040,835303424],[754122752,-4692049920,-23945412608,-31120424960,-16103112704],[4657774592,75428265984,254757830656,322600697856,189502849024],[-43553652736,-458420649984,-1540618190848,-2164395081728,-1119845613568],[-259845521408,-1039382085632,-1559073128448,-1039382085632,-259845521408]]] [3,5] [[[-1,143,32]],[[25,-2960,159296,-5144576,104726528,-1291845632,8120172544]],[[1]]]
4.8.28 [[[0,0,0,0,169],[-1352,-9802,-27651,-35698,-19565],[-37024,-166296,-222964,-8344,91844],[-1664,86112,516192,899136,240768],[-530688,-1974144,-2242816,-795392,-926848],[265216,971776,999680,-462336,-1558272],[225280,1794048,4510720,4159488,566272],[606208,2621440,4505600,3768320,1343488],[262144,1048576,1572864,1048576,262144]]] [-43,13] [[[1,-109,-196,240,64]],[[169,-1144,272,5632,4096]],[[1]]]
4.8.29 [[[0,0,0,0,1],[4,28,77,98,82],[-636,-2916,-4463,-1850,553],[-12544,-59664,-108796,-90168,-24348],[-232704,-958176,-1354432,-728000,-231712],[-919808,-3152256,-2946432,255744,963072],[415744,7217664,22600448,24046080,5878016],[-3141632,-17065984,-38857728,-43583488,-20034560],[2768896,11075584,16613376,11075584,2768896]]] [-37,16] [[[1,60,-784,-6976,1024]],[[1,22,17,-1144,2704]],[[1]]]
4.8.30 [[[0,0,0,0,16],[-288,-2400,-7636,-10472,-5128],[-26424,-143496,-285795,-241290,-85527],[-784728,-4313736,-7404372,-1481328,1265787],[-8612406,-34179894,-29773818,29597400,22024548],[-39234780,-121404744,67263372,479110464,-54377568],[-102509064,-240211332,66371076,-85030560,-1465359984],[-357128352,-2329837344,-5986151424,-7210591488,-3401222400],[3673320192,17142160896,28162121472,19591041024,4897760256]]] [-17,3] [[[1,-325,-3564,-7776,11664]],[[16,72,-5103,-11664,419904]],[[1]]]
4.8.31 [[[0,0,0,0,25],[-375,-3000,-9200,-12400,-5975],[-7350,-32700,-70230,-96180,-51810],[-76050,-375300,-642195,-330210,-68355],[-275670,-1023300,-1343601,-448794,279666],[-417555,-1226340,-549585,1428030,373410],[-38880,422820,1565163,1465290,-296217],[72900,151632,-189540,-682344,-472392],[-104976,-419904,-629856,-419904,-104976]]] [-76,15] [[[-1,245,597,432,81]],[[25,150,-135,-1080,1296]],[[1]]]
4.8.32 [[[0,0,0,0,16],[-240,-1536,-4020,-4968,-1944],[73116,319248,512001,294462,32913],[-2386260,-7989840,-7779645,196830,1120230],[-10731609,-64892664,-136142937,-126964098,-22652946],[-177343830,-419641560,-134926965,124199730,-149492385],[30114990,1562436540,5464984950,6557981940,3059328690],[-239148450,-3348078300,-12515435550,-18334714500,-9526079925],[-1076168025,-4304672100,-6457008150,-4304672100,-1076168025]]] [1,1] [[[-1,144,-5373,59535,6561]],[[16,360,-1215,-36450,164025]],[[1]]]
4.8.33 [[[0,0,0,0,9],[-18,-117,-300,-366,15],[-5052,-23736,-41729,-32600,-8603],[-46848,-245880,-489388,-433188,-133216],[-276144,-1356992,-2552500,-2190424,-721604],[-611584,-3034560,-5690672,-4779920,-1518944],[-111424,-1102656,-3047248,-3267456,-1172656],[-66816,-330624,-692736,-724224,-311424],[-9216,-36864,-55296,-36864,-9216]]] [-11,6] [[[-1,13,827,1928,64]],[[9,132,556,528,144]],[[1]]]
4.8.34 [[[0,0,0,0,9],[-126,-999,-3036,-4074,-2433],[-2424,-7494,17551,88948,73291],[-3360,-41400,-232288,-647928,-759472],[11328,252608,1243408,2783968,2886416],[307712,1081728,348160,-3189632,-4262912],[-243712,-938496,-1139968,463872,2202368],[368640,1382400,1818624,872448,30720],[-147456,-589824,-884736,-589824,-147456]]] [-16,3] [[[-1,241,-827,104,64]],[[9,-264,2224,-4224,2304]],[[1]]]
4.8.35 [[[0,0,0,0,169],[0,-338,-1495,-2314,-728],[-32448,-117338,-165603,-109442,-28466],[-872352,-2467842,-2622815,-1257906,-233114],[-8108448,-19969754,-17737939,-6852298,-989585],[-35386584,-79434166,-62054869,-20466254,-2458967],[-74959992,-158142510,-113110713,-33466662,-3538467],[-61664328,-128524374,-90031689,-25750494,-2578851],[-17328168,-36100350,-25270245,-7220070,-722007]]] [-8,13] [[[-1,6,159,1106,3870,7209,5967]],[[169,286,121]],[[1]]]
4.8.36 [[[0,0,0,0,841],[0,-1682,-7424,-11484,1392],[-188384,-688228,-994356,-691816,-177136],[-5102376,-15356196,-17790572,-9659088,-2102832],[-51970096,-139170872,-139163592,-63288032,-11324992],[-264968096,-651838064,-581856144,-229418816,-34432640],[-726372544,-1672505376,-1359990496,-475049856,-61192192],[-1026571776,-2239185152,-1681322752,-528232192,-59522816],[-588699648,-1226457600,-858520320,-245291520,-24529152]]] [-20,29] [[[-1,8,168,656,912]],[[841,8120,29112,45920,26896]],[[1]]]
4.8.37 [[[0,0,0,0,121],[363,2178,5214,6072,3729],[35244,155430,256840,190276,56794],[-502524,-1617066,-1681833,-542466,-9495],[-437688,-2323554,-4274391,-3157842,-699990],[-573507,-918252,469143,890118,-115794],[101412,1323540,3850623,4264002,1653867],[-403704,-1777248,-3225960,-2897424,-1081296],[139968,559872,839808,559872,139968]]] [-116,99] [[[1,27,367,-1452,243]],[[121,462,-87,-1008,576]],[[1]]]
4.8.38 [[[0,0,0,0,64],[-1344,-11392,-37832,-52880,-40048],[55080,603504,2945457,7054398,4961601],[-46661832,-310309056,-703721925,-328850442,-28137942],[1364563341,8824636854,19667155185,7044191406,-13777903170],[-54717165360,-250598877786,-177615553815,804313632978,-15138096885],[409632597036,1885188099474,3457857004488,4765272014700,7334386417422],[11046132982368,51778748354850,98034430218516,92511363727332,39006657093987],[102521921742603,410087686970412,615131530455618,410087686970412,102521921742603]]] [-5,2] [[[1,-484,9909,59049,177147]],[[64,-9072,-63423,27280638,578739249]],[[1]]]
4.8.39 [[[0,0,0,0,25],[150,900,2160,2520,1530],[21960,97320,162744,122832,39564],[388800,1550340,2282796,1521504,417528],[1048464,5228280,9858456,8379072,2522880],[839808,11551248,32173200,32037120,10202112],[6858432,37348128,75730464,68677632,25256448],[14276736,65225088,119812608,107495424,40310784],[16796160,69424128,106375680,71663616,17915904]]] [-1,1] [[[1,54,1152,6048,3456]],[[25,180,1044,2592,5184]],[[1]]]
4.8.40 [[[0,0,0,0,16],[0,-48,-212,-328,-8],[-5120,-18308,-26199,-18410,-4895],[-143808,-430092,-497452,-272424,-60679],[-1478544,-3987101,-4034628,-1870838,-344527],[-7492832,-18718938,-17073889,-6924292,-1076509],[-20181216,-47269092,-39366058,-14167956,-1889774],[-27575808,-60899072,-46538752,-14939392,-1723904],[-14926080,-31096000,-21767200,-6219200,-621920]]] [-19,24] [[[-1,15,167,381,230]],[[16,232,1257,3016,2704]],[[1]]]
4.8.41 [[[0,0,0,0,9],[-72,-540,-1584,-2088,-828],[-6336,-29664,-59808,-63552,-24384],[-59904,-218880,-462336,-838656,-436992],[-36864,-1099776,-4438016,-8347648,-4640768],[-4063232,-25624576,-53805056,-52297728,-34013184],[-42991616,-188743680,-327680000,-292552704,-159907840],[-184549376,-805306368,-1392508928,-1174405120,-436207616],[-536870912,-2147483648,-3221225472,-2147483648,-536870912]]] [-25,12] [[[-1,108,1216,5120,8192]],[[9,144,2112,12288,65536]],[[1]]]
4.8.42 [[[0,0,0,0,1],[8,48,116,136,104],[1504,6976,12496,10592,4880],[54528,238848,394496,327168,132864],[-165888,648192,3619840,5107712,2320384],[-6291456,-3981312,36372480,58195968,27967488],[-22020096,-25952256,126615552,278396928,199753728],[-150994944,-339738624,301989888,1283457024,868220928],[-1207959552,-4831838208,-7247757312,-4831838208,-1207959552]]] [-1,8] [[[-1,-80,-2432,-27648,32768]],[[1,24,528,4608,36864]],[[1]]]
4.8.43 [[[0,0,0,0,49],[-392,-2646,-7126,-8960,-6328],[28000,124040,255852,312896,188624],[-634816,-2776032,-4988032,-4829952,-2471168],[7218688,30080256,49575168,41109504,16892928],[-42344448,-168603648,-259612672,-192053248,-64356352],[119799808,467927040,693960704,476577792,136839168],[-142606336,-574619648,-864026624,-578813952,-150994944],[67108864,268435456,402653184,268435456,67108864]]] [-15,7] [[[1,-96,256]],[[49,-1624,20176,-118528,349184,-491520,262144]],[[1]]]
4.8.44 [[[0,0,0,0,1],[-32,-160,-256,-192,-1152],[23808,146944,333056,276480,534528],[-11313152,-63774720,-139182080,-130744320,-128712704],[2556952576,13632798720,28266725376,27097300992,17298358272],[-255869321216,-1360447668224,-2791930068992,-2650129039360,-1295603728384],[9540196106240,54619099103232,120502823682048,118541097369600,50633369452544],[-307863255777280,-1379612214951936,-2503313098539008,-2247401767174144,-869713697570816],[3448068464705536,13792273858822144,20688410788233216,13792273858822144,3448068464705536]]] [45,4] [[[1,-192,1024]],[[1,-960,349184,-60686336,5289017344,-217969590272,3367254360064]],[[1]]]
4.8.45 [[[0,0,0,0,25],[100,600,1460,1720,380],[18640,77280,117424,68032,11344],[339200,1013760,843264,-29184,-107520],[-1934336,-7904256,-11622400,-6944768,-971776],[6926336,23527424,29487104,17539072,5386240],[-4079616,-3538944,15941632,25559040,10043392],[-2883584,-10223616,-10485760,-524288,2883584],[-1048576,-4194304,-6291456,-4194304,-1048576]]] [-3,4] [[[-1,-28,-784,-4864,1024]],[[25,-320,704,2048,1024]],[[1]]]
4.8.46 [[[0,0,0,0,1],[-32,-288,-1024,-1472,-352],[1792,16896,7424,-228352,-156928],[-1466368,-8749056,-18374656,-8011776,-10772480],[-82051072,-411303936,-865599488,-782761984,248774656],[-2961178624,-10821304320,-9361686528,13136560128,3523215360],[-8791261184,4831838208,78047608832,95026151424,-47580184576],[204010946560,708669603840,762356695040,107374182400,-204010946560],[-1717986918400,-6871947673600,-10307921510400,-6871947673600,-1717986918400]]] [3,4] [[[-1,608,12544,57344,262144]],[[1,256,11264,-655360,6553600]],[[1]]]
4.8.47 [[[0,0,0,0,81],[-324,-2592,-7965,-10746,-9909],[-169344,-867888,-1561248,-898992,-86400],[-4326912,-14961024,-9327168,19715328,13910208],[-80093184,-224283648,57610240,634849280,112509952],[224215040,1856798720,4194140160,2094891008,-4664246272],[-4385669120,-21172322304,-47035842560,-70271631360,-74138910720],[-115091701760,-545863499776,-1016095309824,-918267363328,-359250526208],[-631360192512,-2683280818176,-4182761275392,-2841120866304,-710280216576]]] [-25,9] [[[-1,85,3792,22784,55296]],[[81,-3024,-36288,1204224,12845056]],[[1]]]
4.8.48 [[[0,0,0,0,169],[-2028,-15886,-47931,-64090,-68237],[74256,932256,4331664,9027072,8428848],[-12055680,-95506944,-304285312,-483459072,-427125120],[241950720,2183858176,7559117824,12157919232,8797894656],[11132928,-3414458368,-28806516736,-75064696832,-63167811584],[81711857664,348497510400,511946588160,363095654400,197529108480],[-310351233024,-1440873971712,-2342200541184,-1595752316928,-384074514432],[449474199552,2097546264576,3445968863232,2397195730944,599298932736]]] [-64,13] [[[1,-261,6896,-6656,36864]],[[169,-24128,966016,-7483392,16257024]],[[1]]]
4.8.49 [[[0,0,0,0,9],[-72,-540,-1608,-2136,-348],[-384,-4224,-19424,-81152,-71456],[-2734080,-13022208,-20482048,-7603200,-1304576],[-50724864,-254951424,-432332800,-299319296,20799488],[-583008256,-706740224,4701814784,10245636096,1695547392],[536870912,28789702656,115393691648,143344533504,38084280320],[-367219703808,-1919850381312,-3820373409792,-3607772528640,-1417339207680],[3710851743744,17317308137472,28449863368704,19791209299968,4947802324992]]] [-25,12] [[[1,-92,-1696,-122880,524288]],[[9,480,-12032,-491520,9437184]],[[1]]]
4.8.50 [[[0,0,0,0,529],[0,0,-46,-92,-6256],[-84640,-279312,-359900,-219704,-30356],[1010160,3070914,3791849,2342274,573259],[6697440,14044860,7955470,-622660,-1223510],[-147444000,-339468000,-271852200,-89491200,-9663000],[822024000,1841832000,1436058000,472176000,55926000],[-1963440000,-4246020000,-3148470000,-973620000,-107730000],[1749600000,3645000000,2551500000,729000000,72900000]]] [-8,23] [[[1,-4,-104,331,1870,-8700,9000]],[[529,-4140,8100]],[[1]]]
4.8.51 [[[0,0,0,0,1849],[0,-5547,-24682,-38270,-6106],[-650848,-2423953,-3538503,-2441818,-647269],[-19251960,-57379329,-65337898,-34423908,-7200000],[-194039928,-511393545,-499781264,-220029964,-37610765],[-933579752,-2263712204,-1979607192,-759430982,-109956242],[-2352263592,-5360258238,-4294289165,-1471476066,-185181547],[-3006302976,-6522210744,-4859171004,-1511705784,-168442548],[-1542391200,-3213315000,-2249320500,-642663000,-64266300]]] [-40,43] [[[-1,18,175]],[[1849,27176,165474,534332,965161,924756,367236]],[[1]]]
4.8.52 [[[0,0,0,0,1],[80,320,64,-512,2816],[110592,917504,2785280,1048576,2621440],[356515840,1459617792,2499805184,2717908992,922746880],[301721452544,1151051235328,1726576852992,1099511627776,124554051584],[120121645334528,385928581349376,436506116227072,123145302310912,-8796093022208],[12596005207801856,27021597764222976,6192449487634432,-20266198323167232,-5629499534213120],[-1585267068834414592,-6052837899185946624,-8070450532247928832,-4035225266123964416,-288230376151711744],[73786976294838206464,295147905179352825856,442721857769029238784,295147905179352825856,73786976294838206464]]] [34,1] [[[1,256,65536]],[[1,2560,1900544,268435456,-68719476736,-8796093022208,1125899906842624]],[[1]]]
4.8.53 [[[0,0,0,0,1],[32,192,512,640,-64],[23296,86016,120832,-8192,-20480],[2310144,4915200,851968,-9437184,-524288],[-95420416,-486539264,-805306368,-587202560,121634816],[-6375342080,-14763950080,-1879048192,15569256448,14763950080],[930934161408,3143916060672,4028679323648,2473901162496,687194767360],[13537736916992,54150947667968,79439715106816,50577534877696,12094627905536],[70368744177664,281474976710656,422212465065984,281474976710656,70368744177664]]] [19,2] [[[1,64,4096]],[[1,-128,-16384,1048576,121634816,2684354560,17179869184]],[[1]]]
4.8.54 [[[0,0,0,0,1],[0,-1,-4,-6,3],[-384,-1184,-1433,-856,-211],[-5400,-13308,-12954,-6576,-1522],[114192,277096,232420,77568,8052],[2156064,4759328,3612104,1134592,125752],[11307456,23854176,17039808,5016384,523296],[21772800,45453312,31923072,9165312,922752],[14266368,29721600,20805120,5944320,594432]]] [-1,21] [[[1,23,197,742,1032]],[[1,-20,52,480,576]],[[1]]]
4.8.55 [[[0,0,0,0,1],[-12,-56,-105,-98,-33],[1728,4656,4872,2208,272],[-40608,-72960,-45168,-8160,528],[178560,145152,-34560,-55296,-9216],[557568,1268736,908544,231936,8448],[-1529856,-1449984,-79872,270336,69632],[-3342336,-6111232,-4116480,-1220608,-135168],[5308416,7077888,3538944,786432,65536]]] [1,3] [[[1,-33,304,-528,256]],[[1,0,-32,0,256]],[[1]]]
4.8.56 [[[0,0,0,0,1],[-16,-144,-496,-704,-544],[-9728,-50176,-86016,-7168,48128],[245760,2248704,6164480,4521984,-1507328],[21692416,60817408,-10092544,-179568640,1835008],[-529530880,-2406481920,-3142582272,1170210816,710934528],[-402653184,8858370048,34091302912,37648072704,-6308233216],[2684354560,-22817013760,-130191196160,-214748364800,-123480309760],[-107374182400,-429496729600,-644245094400,-429496729600,-107374182400]]] [-11,4] [[[-1,416,11776,81920,65536]],[[1,-128,6656,-163840,1638400]],[[1]]]
4.8.57 [[[0,0,0,0,25],[200,1300,3380,4160,1840],[18240,75200,111296,59968,6016],[105280,277440,145728,-102144,-43392],[-516352,-1816576,-2107904,-730112,-7168],[466944,2378752,4111360,2637824,376832],[-155648,-1474560,-3588096,-3194880,-770048],[212992,933888,1687552,1507328,557056],[-65536,-262144,-393216,-262144,-65536]]] [-29,20] [[[-1,-80,-736,-1664,256]],[[25,-160,416,-512,256]],[[1]]]
4.8.58 [[[0,0,0,0,1],[-51,-482,-1704,-2444,-1114],[3273,21164,21782,-94748,-85922],[-51111,-290898,-503208,-369036,-1559178],[-425979,-2760588,-7577586,-8265420,1705608],[-1878633,-7335846,-7092360,7347996,2457378],[-161109,1145988,5035122,5537484,-1571886],[229635,590490,-29160,-1239300,-1013310],[-164025,-656100,-984150,-656100,-164025]]] [-31,3] [[[-1,1186,1736,630,81]],[[1,72,1206,-3240,2025]],[[1]]]
4.8.59 [[[0,0,0,0,25],[225,1350,3280,3860,1390],[41745,172540,259366,145988,19406],[725085,2118150,1599120,-275724,-273042],[-4728051,-19224108,-27452322,-15087852,-1705608],[13082067,52606098,78760512,52809084,14032602],[-1030077,3000564,16969986,20164140,6959682],[-41553,36450,769824,1466748,812106],[-6561,-26244,-39366,-26244,-6561]]] [-1,15] [[[-1,-70,-1736,-10674,81]],[[25,-360,1206,648,81]],[[1]]]
4.8.60 [[[0,0,0,0,1],[-46,-433,-1519,-2172,-1182],[-4528,-26294,-34151,62468,70937],[27008,234936,666208,333744,-1127480],[-94752,-1254576,-4827744,-6452064,1008336],[-1408768,-5690688,-5883712,5074688,1882880],[-91904,1056768,4283072,4675584,-1121216],[117760,202240,-450560,-1305600,-898560],[-102400,-409600,-614400,-409600,-102400]]] [-11,1] [[[-1,1118,1719,664,64]],[[1,-64,1104,-2560,1600]],[[1]]]
4.8.61 [[[0,0,0,0,25],[250,1525,3760,4470,1755],[41600,171910,257359,143132,17519],[599200,1721160,1226312,-307104,-235360],[-3792480,-14988624,-20578464,-10485408,-1008336],[8023552,35309376,56799232,38749312,9019840],[250624,-3477504,-13060288,-14161920,-4539968],[72704,418304,1072640,1308672,605184],[-4096,-16384,-24576,-16384,-4096]]] [-1,5] [[[-1,-83,-1719,-8944,64]],[[25,-320,1104,-512,64]],[[1]]]
4.8.62 [[[0,0,0,0,1],[-6,-73,-359,-572,578],[15552,103626,284409,17028,42057],[3592512,14469192,22952160,87025104,-5951880],[1500107040,6922012464,12038437728,1243545696,1999897776],[78228115200,268934655168,219684954816,-274410623232,-256452168960],[-7041754808064,-39142899965952,-82531239743808,-76434446555136,-10796806374336],[946173815055360,4007849461885440,6641069041520640,5266439159270400,1776307445245440],[-28920784535654400,-115683138142617600,-173524707213926400,-115683138142617600,-28920784535654400]]] [37,3] [[[-1,-2,-16281,-1417176,34012224]],[[1,576,24624,-16796160,850305600]],[[1]]]
4.8.63 [[[0,0,0,0,25],[-50,-325,-840,-1030,-995],[-5520,-21850,-29761,-12068,3919],[-11040,7560,116616,176736,60320],[-1123744,-3265328,-3095136,-1029728,-304816],[7990272,25031872,27045376,10946432,587840],[-14167296,-37269504,-31082688,-9676800,-2691648],[-35582976,-140299776,-200102400,-119605248,-23970816],[-26873856,-107495424,-161243136,-107495424,-26873856]]] [-17,15] [[[-1,27,201,16,5184]],[[25,-320,304,4608,5184]],[[1]]]
4.8.64 [[[0,0,0,0,1],[-16,-96,-224,-256,-512],[13312,77824,188416,180224,88064],[-4456448,-21430272,-40632320,-33423360,-3997696],[591396864,2550136832,3951034368,1090519040,-461373440],[-26642219008,-82543902720,-44694503424,144955146240,47513075712],[-124554051584,-2113123909632,-6390911336448,-6597069766656,575525617664],[-23364622090240,-114074331381760,-230897441832960,-233646220902400,-100330436034560],[-439804651110400,-1759218604441600,-2638827906662400,-1759218604441600,-439804651110400]]] [6,1] [[[-1,256,-26624,851968,4194304]],[[1,-256,-4096,2621440,104857600]],[[1]]]
4.8.65 [[[0,0,0,0,25],[100,700,1920,2440,1460],[-10320,-42560,-62784,-33152,-2144],[82240,240000,185472,-43008,-45312],[-107520,-57344,509952,716800,112640],[-360448,-1527808,-2228224,-1089536,249856],[-507904,-1769472,-2818048,-2752512,-1409024],[1638400,6684672,10354688,7340032,2097152],[-1048576,-4194304,-6291456,-4194304,-1048576]]] [-9,5] [[[-1,-52,416,-1024,1024]],[[25,160,-64,-1024,1024]],[[1]]]
4.8.66 [[[0,0,0,0,1],[8,44,92,96,-48],[-5248,-28544,-61952,-50176,-4096],[-888832,-3280896,-3571712,-122880,126976],[45416448,190906368,261881856,-11796480,-27525120],[278921216,-1582301184,-7846494208,-8346664960,-809500672],[1275068416,45097156608,156564979712,185623117824,3087007744],[-150323855360,-1245540515840,-3741990256640,-4992899481600,-2560874250240],[-1717986918400,-6871947673600,-10307921510400,-6871947673600,-1717986918400]]] [2,1] [[[-1,-16,9216,397312,262144]],[[1,-64,6144,-163840,6553600]],[[1]]]
4.8.67 [[[0,0,0,0,25],[200,1400,3845,4890,2385],[4160,16480,22756,10328,-184],[-5920,-29340,-47060,-19488,3088],[-24576,-63024,-32256,24000,6720],[14528,46656,38144,-9856,-1984],[-7424,-38784,-64000,-33792,4096],[5632,21760,30976,18432,3072],[-4096,-16384,-24576,-16384,-4096]]] [-14,5] [[[-1,-97,-144,16,64]],[[25,-40,96,-64,64]],[[1]]]
4.8.68 [[[0,0,0,0,289],[0,-289,-1258,-1938,2805],[-36992,-126480,-175353,-122880,-20619],[-751944,-2348244,-2875346,-1707888,-403714],[-6777488,-19426696,-21206284,-10846464,-2285100],[-47597088,-117789120,-106767864,-43675392,-7099560],[-264764864,-586028256,-451468544,-148087488,-17882336],[-842079744,-1782251520,-1279217280,-378785280,-39739776],[-1059803136,-2207923200,-1545546240,-441584640,-44158464]]] [-7,17] [[[-1,7,59,-30,504]],[[289,4828,30228,84064,87616]],[[1]]]
4.8.69 [[[0,0,0,0,1],[-8,-48,-116,-136,-80],[1056,4544,7536,5792,2000],[-19712,-75264,-109440,-77568,-24448],[50176,274432,575488,565248,196608],[-24576,-1015808,-3055616,-3112960,-1097728],[1245184,6094848,11337728,9830400,3997696],[-3670016,-16252928,-29360128,-26214400,-9961472],[8388608,33554432,50331648,33554432,8388608]]] [-9,16] [[[1,-72,1344,-7680,8192]],[[1,-8,80,-256,1024]],[[1]]]
4.8.70 [[[0,0,0,0,1],[-16,-112,-320,-416,-304],[5120,24064,45568,48128,31232],[-98304,-294912,-606208,-2555904,-2195456],[-8912896,-16777216,30408704,113246208,100663296],[-100663296,-1140850688,-3070230528,-2650800128,-3204448256],[8589934592,38654705664,72477573120,74088185856,67108864000],[-171798691840,-824633720832,-1614907703296,-1580547964928,-687194767360],[2199023255552,8796093022208,13194139533312,8796093022208,2199023255552]]] [3,4] [[[1,-240,10752,-147456,524288]],[[1,-64,5120,-131072,4194304]],[[1]]]
4.8.71 [[[0,0,0,0,1],[42,228,507,558,333],[27144,109728,170694,124740,45522],[3267216,11696076,15441192,10655064,3682908],[67546224,326737800,604346832,584821296,215883144],[-178879104,8585252208,26736442416,25407131328,9183300480],[111866204736,529417272672,918176992992,694257516288,275499014400],[2165422253184,9670015405440,17455617552384,15472024648704,5950778711040],[62483176465920,253503173090304,383825226862080,257073640316928,64268410079232]]] [25,3] [[[1,81,1458]],[[1,252,23652,1399680,68024448,1632586752,44079842304]],[[1]]]
4.8.72 [[[0,0,0,0,9],[0,-144,-672,-1056,-510],[-27648,-104736,-154688,-103232,-26324],[-1724868,-4967532,-5333997,-2497158,-433513],[-33397896,-81967576,-71606042,-26357516,-3502786],[-266666928,-585874000,-440201116,-135871304,-14877260],[-848165472,-1730463264,-1173631032,-322446096,-31112856],[-675703296,-1391136768,-955006848,-264964608,-25391232],[-164892672,-343526400,-240468480,-68705280,-6870528]]] [-8,3] [[[-1,74,1728,11961,26838]],[[9,12,4]],[[1,16,64]]]
4.8.73 [[[0,0,0,0,169],[0,-3211,-14937,-23452,-7982],[-648960,-2450110,-3693483,-2692636,-775399],[-51353640,-155183652,-180653148,-98465952,-21633680],[-1491218016,-3970125312,-3939130976,-1772359168,-312436544],[-21402571776,-52220143104,-46086603264,-17907118080,-2638086144],[-164042735616,-374958194688,-301753442304,-104033452032,-13195468800],[-645418450944,-1401634160640,-1045757952000,-325936742400,-36394500096],[-1027369598976,-2140353331200,-1498247331840,-428070666240,-42807066624]]] [-42,13] [[[-1,96,896]],[[169,2496,9216]],[[1,34,433,2448,5184]]]
4.8.74 [[[0,0,0,0,1],[0,-8,-36,-56,-88],[-1280,-4128,-4688,-1184,1744],[36864,129024,172544,105984,9984],[106496,-434176,-1352704,-1198080,-414720],[-20561920,-45056000,-33636352,-9338880,-196608],[201850880,511574016,475332608,196214784,30605312],[1258291200,2275409920,1200619520,178257920,-5242880],[-17616076800,-36700160000,-25690112000,-7340032000,-734003200]]] [-1,1] [[[-1,56]],[[1,-32,-48,7296,-6144,-540672,327680,13107200]],[[1]]]
4.8.75 [[[0,0,0,0,9],[936,5004,10956,11904,7104],[1359744,5549568,8641024,6307840,2301952],[379748352,1393754112,1851326464,1277165568,441450496],[18041798656,91477770240,171387650048,166161547264,61337501696],[-132070244352,5589899935744,17944373362688,17111149707264,6184752906240],[173585398235136,829581523156992,1459051930058752,1108307720798208,439804651110400],[7881299347898368,35888059530608640,65583669573582848,58546795155816448,22517998136852480],[540431955284459520,2233785415175766016,3422735716801576960,2305843009213693952,576460752303423488]]] [55,3] [[[1,192,8192]],[[9,768,212992,8388608,1073741824]],[[1,512,65536]]]
4.8.76 [[[0,0,0,0,1],[744,3900,8364,8928,5328],[6786432,28100736,43811712,31933440,11653632],[12405104640,47235280896,63285940224,43643142144,15085191168],[3783743373312,20662340419584,39428461559808,38326848454656,14148117725184],[-232644176510976,8284543333171200,27803373231144960,26641308139388928,9629388484116480],[1749267579144241152,8489268887597088768,15234976500336820224,11647708310387294208,4622106472375910400],[528029443404224004096,2475969995122327683072,4605836657593147195392,4153239991818098049024,1597399996853114634240],[245360639516638407819264,1042782717945713233231872,1625514236797729451802624,1104122877824872835186688,276030719456218208796672]]] [181,3] [[[1,1296,373248]],[[1,4032,6054912,5733089280,4458050224128,1711891286065152,739537035580145664]],[[1]]]
4.8.77 [[[0,0,0,0,25],[-200,-1550,-4655,-6210,-3465],[-34560,-163200,-274784,-159632,-10544],[-49920,233280,1110880,619968,-231520],[6764544,22615552,18050816,-10283008,-3804416],[-10100736,-59848704,-102255616,-30091264,-7140352],[27525120,237109248,565968896,421281792,-113885184],[-187432960,-926351360,-1852342272,-1813053440,-731348992],[761266176,3235381248,5043388416,3425697792,856424448]]] [-29,10] [[[1,-129,-1824,-4960,6912]],[[25,-240,4096,-16896,123904]],[[1]]]
4.8.78 [[[0,0,0,0,1],[-36,-252,-700,-896,-736],[33840,204672,473472,463872,166656],[-9061632,-49600512,-99846144,-64364544,-4460544],[1332412416,6023282688,8059944960,-927203328,-2448949248],[-49304567808,-160271695872,-2463105024,582312001536,146087608320],[467820085248,-1638899122176,-11015685144576,-10078006542336,11529369944064],[-97306577731584,-522490824622080,-1062593699512320,-1009757548707840,-392161652637696],[-3804202857922560,-18260173718028288,-30771774228529152,-21641687369515008,-5410421842378752]]] [6,1] [[[-1,544,-80640,1658880,28311552]],[[1,-192,-18432,2654208,191102976]],[[1]]]
4.8.79 [[[0,0,0,0,25],[-300,-1650,-3710,-4120,-3380],[76320,305480,501164,413632,185584],[-5113440,-18009840,-25159152,-17179008,-5544384],[154972224,508886784,644136192,385357824,99910656],[-2491250688,-7852363776,-9322573824,-5065998336,-1120960512],[22084337664,67974266880,77370163200,39154876416,7686586368],[-102431195136,-310860840960,-343985356800,-165112971264,-29557260288],[195689447424,587068342272,635990704128,293534171136,48922361856]]] [4,15] [[[-1,48]],[[-25,2180,-80944,1659072,-20275200,147750912,-594542592,1019215872]],[[1]]]
4.8.80 [[[0,0,0,0,9],[216,1188,2676,2976,1776],[86400,346752,539008,394240,143872],[6266880,22007808,28913664,19955712,6897664],[78512128,366870528,671744000,649068544,239599616],[-109051904,5796528128,17632854016,16710107136,6039797760],[44560285696,209379655680,359166640128,270582939648,107374182400],[515396075520,2267742732288,4054449127424,3573412790272,1374389534720],[8796093022208,35184372088832,52776558133248,35184372088832,8796093022208]]] [13,3] [[[1,48,512]],[[9,1344,74752,2621440,75497472,1073741824,17179869184]],[[1]]]
4.8.81 [[[0,0,0,0,1],[48,288,736,896,640],[59392,241664,365568,303104,204800],[8257536,27328512,29229056,58195968,47185920],[-834666496,-390070272,5188354048,9898557440,7667187712],[15032385536,464393338880,1367410212864,1000727379968,904090615808],[15187004358656,66589172957184,117853902602240,97306779058176,77240691851264],[1108307720798208,5145714417991680,9684498417451008,9077567998918656,3905465301860352],[81064793292668928,324259173170675712,486388759756013568,324259173170675712,81064793292668928]]] [13,1] [[[1,384,32768]],[[1,256,73728,10485760,1224736768,90194313216,2473901162496]],[[1]]]
4.8.82 [[[0,0,0,0,1],[0,1,4,6,-3],[-384,-1184,-1433,-856,-211],[5400,13308,12954,6576,1522],[114192,277096,232420,77568,8052],[-2156064,-4759328,-3612104,-1134592,-125752],[11307456,23854176,17039808,5016384,523296],[-21772800,-45453312,-31923072,-9165312,-922752],[14266368,29721600,20805120,5944320,594432]]] [-1,21] [[[1,-23,197,-742,1032]],[[1,20,52,-480,576]],[[1]]]
4.8.83 [[[0,0,0,0,1],[-80,-624,-1904,-2560,-1856],[181760,1211392,2915328,2867200,1073152],[-57180160,-381616128,-936050688,-734527488,-138674176],[19576913920,100818485248,144858677248,-17817403392,-43234885632],[-1286476922880,-5687073570816,-3984119037952,15328738279424,6631429505024],[6442450944000,-95863670046720,-497460292091904,-377682244141056,798795197579264],[-1792203953274880,-11742784184647680,-29247009298841600,-33425153484390400,-15129279998197760],[-63331869759897600,-337769972052787200,-619244948763443200,-450359962737049600,-112589990684262400]]] [45,4] [[[-1,1472,-552960,8388608,67108864]],[[1,-384,-45056,15728640,1677721600]],[[1]]]
4.8.84 [[[0,0,0,0,25],[0,0,-5,-10,535],[4800,20800,34276,23768,8696],[-190080,-604260,-613836,-152928,11088],[-2115072,-7610544,-10054080,-5688000,-1016640],[-13379904,-41383872,-44831232,-20601216,-4567104],[-19968768,-43390080,-11736576,24634368,12358656],[39191040,151352064,204353280,106002432,12690432],[-26873856,-107495424,-161243136,-107495424,-26873856]]] [-14,15] [[[-1,-7,-224,2736,5184]],[[25,360,576,-5184,5184]],[[1]]]
4.8.85 [[[0,0,0,0,1],[-24,-212,-804,-1184,272],[7296,56192,141824,-306176,-152576],[-5640192,-33730560,-74170368,16588800,-32477184],[-461832192,-2047279104,-3727687680,-6641418240,4164157440],[-84085309440,-283766685696,-208854319104,465441914880,26159874048],[-4354090205184,-15263776899072,-20585442705408,-14970242727936,-11817468297216],[422689206435840,1690756825743360,2532221449666560,1682929247846400,418775417487360],[-11271712171622400,-45086848686489600,-67630273029734400,-45086848686489600,-11271712171622400]]] [34,3] [[[-1,304,14336,-258048,21233664]],[[1,576,36864,-13271040,530841600]],[[1]]]
4.8.86 [[[0,0,0,0,1225],[-7350,-50225,-135310,-170170,-112805],[-6440,193270,1217171,2477628,1818051],[-1075200,-5053440,-11478624,-16097136,-11951280],[11346176,45483520,75485376,70855552,39597248],[-55123968,-207126528,-299452416,-213430272,-79276032],[128319488,476774400,659849216,411893760,108888064],[-103809024,-413138944,-609222656,-392167424,-92274688],[33554432,134217728,201326592,134217728,33554432]]] [-78,35] [[[1,-77,251,-352,512]],[[1225,-18480,87616,-135168,65536]],[[1]]]
4.8.88 [[[0,0,0,0,225],[-3600,-28350,-85965,-115230,-60945],[299040,1655580,3487426,3302548,1210456],[-9391920,-47583720,-80265896,-36928992,-489812],[108531424,457254800,559975368,26995232,-113237888],[-459370368,-1440667968,-188527568,2703382144,487624576],[-664307712,-5484702912,-13980708608,-11759384064,1758486528],[2990839040,10060784384,2871395072,-18587756544,-16028242944],[27472112640,131866140672,222218866688,156285796352,39071449088]]] [-76,15] [[[1,-261,2952,-12368,23552]],[[225,-2220,-33164,190624,1658944]],[[1]]]
4.9.1 [[[0,0,0,0,49],[0,49,224,350,-203],[0,1596,3495,1536,3705],[-285768,-932148,-1106874,-522720,-96714],[5766768,16693560,17337132,7356960,1167804],[-38343456,-110859840,-117297720,-54657504,-9025992],[140823360,456272352,543814560,279656064,47900160],[-580214016,-1802227968,-2037187584,-990600192,-176173056],[1186928640,3717550080,4304295936,2203656192,429981696],[-2579890176,-7739670528,-8384643072,-3869835264,-644972544]]] [-38,63] [[[-1,-1,-33,1746,-12960,31104]],[[49,-252,2340,-5184,20736]],[[1]]]
4.9.2 [[[0,0,0,0,49],[0,-98,-455,-714,1155],[-18816,-75824,-122216,-93808,-7360],[-829584,-2981664,-4198608,-2815776,-581040],[-14045184,-48487680,-64968192,-41359104,-9575424],[-133816320,-455307264,-594708480,-362741760,-85045248],[-835411968,-2780946432,-3506872320,-2024497152,-461168640],[-3404021760,-10964533248,-13213974528,-7174324224,-1532805120],[-8217427968,-25607798784,-29429858304,-14906032128,-2866544640],[-9172942848,-27518828544,-29812064256,-13759414272,-2293235712]]] [-2,3] [[[-1,-3,400,5040,20736,27648]],[[49,1008,9216,41472,82944]],[[1]]]
4.9.3 [[[0,0,0,0,1],[-3,-26,-84,-116,-57],[-1302,-5542,-9142,-6416,-1788],[-59514,-202198,-249566,-112736,-14644],[-815346,-2493126,-2519838,-487440,125406],[-5601636,-12942666,-5063310,7949016,2853954],[-10143306,18882558,104542974,109699920,14198004],[54915570,322053246,547384230,306110016,-70150212],[-143489070,-774840978,-1807962282,-2066242608,-990074583],[-3486784401,-13947137604,-20920706406,-13947137604,-3486784401]]] [-2,3] [[[-1,81]],[[1,24,156,-2008,-37242,-162648,1023516,12754584,43046721]],[[1]]]
4.9.4 [[[0,0,0,0,1],[63,378,972,1188,621],[131706,584658,1086210,804816,96228],[59954418,246313062,418106286,158723712,-42594012],[18484580862,63085235346,77332105674,-22745674800,-18724792194],[3288941671284,8359759311642,4377593245374,-14191987353048,-1799439031242],[275839513963110,542955093354918,-24414464375802,-1699598188423440,459544236914196],[18804723397977942,44335223777714418,42688094720957226,50511957740553888,122711114728410804],[300189270593998242,3302081976533980662,11707381553165931438,16810599153263901552,8555394211928949897],[-328256967394537077627,-1313027869578148310508,-1969541804367222465762,-1313027869578148310508,-328256967394537077627]]] [82,3] [[[-1,27]],[[1,648,113724,-39523464,-19791925722,-2333821025736,396531069219324,133417453597332552,12157665459056928801]],[[1]]]
4.9.5 [[[0,0,0,0,9],[-36,-261,-735,-948,-456],[-5808,-25608,-43193,-31076,-8807],[-105792,-370584,-470174,-212640,-21266],[-701504,-2034816,-1737868,76576,262604],[-1469760,-2153840,2176424,5160480,1211976],[2029056,11852544,21318400,13432320,-866816],[5708800,13959168,3885056,-14409728,-11699200],[-19562496,-76021760,-112689152,-75563008,-19333120],[-37748736,-113246208,-122683392,-56623104,-9437184]]] [-17,9] [[[-1,52,867,3374,4864,2304]],[[9,12,-380,-256,4096]],[[1]]]
4.9.6 [[[0,0,0,0,10404],[-10404,-72828,-196962,-248268,-126276],[-2175150,-8054838,-11481377,-7435898,-1905719],[-22153074,-65375064,-70031651,-31069026,-4568070],[-46914039,-111691663,-80101802,-9395414,4512344],[36577126,137186363,194777323,121266438,23432568],[-1312570,57037497,121320734,69502656,4255715],[-95082624,-276276429,-302768427,-154827348,-34233771],[-5179005,-30830670,-57318885,-43181190,-11513970],[59319000,169059150,176474025,80080650,13346775]]] [-37,51] [[[1,-12,-181,-510,-328,351]],[[10404,-1428,-39731,2730,38025]],[[1]]]
4.9.7 [[[0,0,0,0,1],[18,84,147,126,279],[5724,24840,43308,35424,33156],[905904,3426300,5290596,4012416,2204496],[75827664,258870816,354993840,240744960,90559296],[3593958336,11356303680,14067203904,8432512128,2389673664],[97501708800,290600441856,331460460288,177407760384,40587920640],[1442390395392,4144729616640,4464716620032,2187666247680,427737729024],[10270603256832,29298401851392,30841196332032,14340642029568,2527244292096],[28563737812992,80930590470144,84104339116032,38084983750656,6347497291776]]] [26,9] [[[1,63,1404,11664]],[[1,216,18144,746496,15536448,151165440,544195584]],[[1]]]
4.9.8 [[[0,0,0,0,289],[578,2890,5678,5576,-5576],[-64940,-283424,-486300,-383456,-141200],[-1970776,-5961900,-5841172,-1111296,1711936],[12708832,61131920,117104176,107083264,33416192],[165704576,583048640,757989312,410439680,-88311808],[-4961050880,-14613656064,-16449085184,-9507938304,-3388903424],[-7719091200,-32693575680,-51345054720,-37011456000,-11753717760],[236597760000,686239948800,705729024000,299129241600,43042406400],[867041280000,2601123840000,2817884160000,1300561920000,216760320000]]] [-10,17] [[[1,0,-384,-3392,256,76800]],[[289,-5576,-30224,551040,2822400]],[[1]]]
4.9.9 [[[0,0,0,0,961],[-5766,-41323,-115568,-148490,-87916],[-342550,-1291677,-1539241,-131134,558095],[558,2100591,6495560,6264048,387046],[2030450,3388169,-2351908,-7521396,-5037573],[-15364512,-46016116,-49387934,-22094682,-4029792],[8697364,37321692,56561513,33832842,6817193],[50067160,137367032,132675510,53251748,7727038],[8864944,25975312,27130620,11795080,1774828],[468512,1405536,1522664,702768,117128]]] [-74,31] [[[1,-84,-51,242]],[[961,-7192,2978,37844,33665,7436,484]],[[1]]]
4.9.10 [[[0,0,0,0,961],[-6727,-48050,-134447,-172794,-75144],[-184202,-713186,-1382715,-1756478,-914057],[-2273850,-8903076,-13251149,-8635710,-3075537],[-11927218,-37908836,-46269935,-23766918,-2064696],[-30324779,-80902562,-70842936,-13913564,3177385],[-28683216,-52833390,-12819410,21833352,5212464],[7848260,40641496,61174372,31870944,2082528],[16036720,37392880,25777920,2101120,-2320640],[-9878400,-27988800,-29086400,-13171200,-2195200]]] [-68,31] [[[-1,86,286,399,312,112]],[[961,7502,5961,-33880,19600]],[[1]]]
4.10.1 [[[0,0,0,0,8281],[-24843,-149058,-358540,-418964,-202111],[-381836,-1508962,-2334422,-1700064,-551550],[-2242968,-6586125,-6829166,-2489994,27353],[-18386820,-46728731,-40173426,-12063734,-508804],[-2006931,-4654581,-2299608,958242,100350],[2892684,26519901,47526449,28614978,4076796],[-5850690,-12822522,-9083012,-2272522,-192542],[-327028,-7128420,-15892565,-12436970,-3345797],[4603560,12056460,11562980,4877340,767260],[-2636400,-6151600,-5053100,-1757600,-219700]]] [-6,7] [[[-1,25,49,36,199,-40,13]],[[8281,4914,-22931,-7020,16900]],[[1]]]
4.10.2 [[[0,0,0,0,1],[20,96,180,168,276],[7824,31840,52976,43968,33552],[1285120,4602624,6724864,4929024,2365440],[113224704,369214464,481683456,310978560,107043840],[5938819072,18001223680,21321592832,12174974976,3244953600],[193460092928,552328888320,601901252608,306625511424,66594422784],[3928442798080,10662611779584,10803819577344,4961730035712,910775549952],[48183064395776,125126569885696,118802849202176,49666477522944,7911030915072],[326756682694656,814591500091392,727742395973632,278729016213504,39194193821696],[939345586421760,2254429407412224,1899565519208448,667979083677696,83497385459712]]] [23,12] [[[1,84,2640,35072,150528]],[[1,192,14784,581632,12272640,131137536,554696704]],[[1]]]
4.10.3 [[[0,0,0,0,1],[-26,-129,-258,-258,-321],[14112,55150,89219,74028,46467],[-2763616,-9502728,-13326472,-9477984,-3994080],[286997664,905625648,1140231264,710675040,225727920],[-18170011648,-53733114688,-61977989504,-34390390656,-8763336000],[742436462336,2082580125696,2228596709440,1113707956224,236647498944],[-19806669712384,-53101508209152,-53161009356288,-24133481490432,-4388517983232],[335043229626368,862910484692992,812804507672576,337377634074624,53476447629312],[-3276263254523904,-8135199331516416,-7238129551605760,-2760377186648064,-386571309940736],[14158607296757760,33980657512218624,28631850311221248,10068342966583296,1258542870822912]]] [11,9] [[[1,-129,6195,-130832,1023168]],[[1,-192,15504,-673792,16618560,-220532736,1230045184]],[[1]]]
4.10.4 [[[0,0,0,0,1],[14,63,102,78,231],[2832,13390,24563,19308,21987],[352672,1419720,2324296,1805664,1125600],[23999328,84832080,121146528,84946080,34238160],[1011937792,3163755712,3898985600,2317524096,658987200],[29930864384,82679261184,86846564416,42229069824,8773650624],[636308921344,1594777115136,1456912535040,585238996992,91840361472],[8156255989760,19399756595200,16303641829376,5801678782464,757052485632],[45197671661568,107664473653248,89860033675264,31195667103744,3831968301056],[90370615541760,216889477300224,182749466984448,64263548829696,8032943603712]]] [25,9] [[[1,39,435,4112,55488]],[[1,192,14064,489472,8185920,58331136,144769024]],[[1]]]
4.10.5 [[[0,0,0,0,1],[-5,-36,-102,-132,-42],[321,2500,5078,2676,-126],[58511,193314,255284,165228,36750],[1611441,4909812,5455362,2364420,447228],[18978161,48287282,41352784,10485348,-282726],[75240839,129474252,18361102,-64936644,-20164434],[-192652267,-790586058,-1080753300,-555817116,-53729334],[-1469856277,-3396870740,-2385867946,-267688500,184083363],[1843573680,6819002970,8985370550,4940454480,956420920],[12158113500,29179472400,24586407300,8645769600,1080721200]]] [-1,9] [[[1,-66,1380,10090,15987]],[[1,24,78,-1312,-5151,17160,67600]],[[1]]]
4.10.6 [[[0,0,0,0,1],[4,12,0,-24,84],[-528,-896,-256,-1536,2016],[-10432,-23424,-14464,-21504,5376],[2500608,7127040,7557120,3072000,239616],[200302592,528994304,512352256,205283328,28790784],[6033784832,14929625088,13212516352,4824367104,631603200],[79572303872,183785619456,146370330624,46446673920,5081923584],[340338409472,717557334016,490150559744,122922467328,9616490496],[-566155542528,-1311365922816,-1043215679488,-333598162944,-35467034624],[226492416000,543581798400,458017996800,161061273600,20132659200]]] [4,3] [[[1,-12,-96,8704,76800]],[[1,96,3264,45056,181248,-491520,262144]],[[1]]]
4.10.7 [[[0,0,0,0,1],[-16,-84,-180,-192,-192],[5952,23296,37760,31296,16704],[-694592,-2356032,-3250880,-2280192,-865920],[40713984,127266816,158593536,98319360,29657088],[-1449089024,-4294181888,-4970619904,-2780086272,-701853696],[34139856896,96861929472,105196011520,53599420416,11625332736],[-543702794240,-1480077656064,-1512235352064,-705261797376,-132992630784],[5684261224448,14858703339520,14290280382464,6101819719680,1003990745088],[-35600125132800,-89327940403200,-80681566208000,-31391534284800,-4504630067200],[102275481600000,245461155840000,206823751680000,72729231360000,9091153920000]]] [3,4] [[[1,-96,3360,-46720,221952]],[[1,-96,4128,-100352,1446144,-11673600,40960000]],[[1]]]
4.10.8 [[[0,0,0,0,1],[-10,-60,-147,-174,-111],[2556,10888,18380,14304,5076],[-119984,-401628,-542564,-369024,-112944],[1990416,6155424,7969200,5629440,1676736],[-20803904,-67618112,-89513152,-60012672,-17032896],[193077248,611573760,755942656,450177024,122568960],[-1333660160,-3960000768,-4550648064,-2501283840,-607021056],[6398194688,18093783040,19412612096,9592946688,1898090496],[-19716415488,-51897348096,-49984360448,-21033222144,-3289268224],[26763264000,64231833600,54121267200,19031654400,2378956800]]] [-2,9] [[[1,-87,2604,-13456,19200]],[[1,-24,384,-3584,22848,-84480,123904]],[[1]]]
4.10.9 [[[0,0,0,0,1],[-56,-232,-372,-280,-152],[26080,65888,68080,35424,9744],[-2852608,-5691648,-4622080,-1864704,-347392],[138162176,235916288,161448960,53571584,7628800],[-3592175616,-5445091328,-3258073088,-924811264,-107806720],[53656485888,73963536384,39721041920,9942466560,993067008],[-465979834368,-596382842880,-294001836032,-66580381696,-5894045696],[2282691231744,2766952988672,1278646157312,268032802816,21609054208],[-5758947164160,-6736790421504,-2975808356352,-589484261376,-44291850240],[5800621768704,6629282021376,2841120866304,541165879296,38654705664]]] [-15,8] [[[1,-48,256]],[[1,-56,976,-5376,9216]],[[1,-48,832,-6144,16384]]]
4.10.10 [[[0,0,0,0,9],[372,1572,2484,1824,2640],[191856,599936,802112,526336,329728],[39077120,100116480,109844480,62251008,23023616],[4105736192,9009102848,8315568128,3960471552,993067008],[248886853632,477045456896,376665276416,149627600896,27598520320],[9051836514304,15322966917120,10463748292608,3488587186176,499961036800],[196857946963968,297170934693888,177435836416000,50311246905344,5828270620672],[2460402080284672,3349799612973056,1770866555748352,433757337157632,41850161332224],[16058917079482368,19956136044134400,9460198045384704,2031897488130048,167125767421952],[42238838692642816,48272958505877504,20688410788233216,3940649673949184,281474976710656]]] [26,9] [[[1,48,256]],[[9,1344,62464,917504,4194304]],[[1,96,3328,49152,262144]]]
4.11.1 [[[0,0,0,0,1],[6,38,96,116,91],[1218,5950,11076,9388,3649],[32814,148542,258070,203832,63585],[452634,1866098,2834854,1876864,489086],[2613816,10006152,13629172,7635136,1497628],[3996360,13915740,16585980,8235072,1566360],[-9795600,-30045624,-25554680,-743296,2211712],[-2330112,3517808,25230064,25837056,5467392],[104256,-5010336,-15655264,-13188096,-958976],[523008,3215616,8458752,10444800,4890624],[-276480,-1142784,-1751040,-1179648,-294912]]] [-41,27] [[[-1,-69,-2022,-11680,-18240,1152]],[[1,22,109,-100,388,-192,256]],[[1]]]
4.11.2 [[[0,0,0,0,9409],[0,-28227,-126100,-195746,167519],[-2709792,-10216234,-16174393,-13428812,-1652135],[-138000348,-443115594,-568639497,-364126194,-81753435],[-3049275024,-8869415520,-10006378570,-5423394464,-1175502862],[-38537290992,-103964102350,-106108023451,-50507429234,-9726250397],[-308040167808,-781527778884,-733053660150,-312374434824,-52762935894],[-1619360309088,-3901093356168,-3399527062044,-1313199235080,-195453433908],[-5610152680416,-12926593198800,-10554620903712,-3732481622304,-494301236976],[-12367330076160,-27418110089760,-21128955996816,-6900485230944,-822309247728],[-15751072411776,-33773432464512,-24727927434912,-7521645111552,-816077729376],[-8832680722944,-18401418172800,-12880992720960,-3680283634560,-368028363456]]] [-64,97] [[[-1,1,287,3555,20758,67205,117942,89484]],[[9409,176928,1225176,3699072,4112784]],[[1]]]
4.11.3 [[[0,0,0,0,8281],[0,-24843,-110110,-170534,71162],[-2649920,-9962953,-15227939,-11622522,-2515785],[-110445426,-348819198,-432607868,-258678126,-59827597],[-1915723890,-5439732380,-5901995820,-2998881218,-612043042],[-18479595006,-48522700563,-47503242813,-21226829058,-3762840342],[-110147546634,-271941545379,-244753624741,-98210309094,-15265487382],[-422269162452,-991829482602,-831965057114,-304487632282,-42103272002],[-1042508677240,-2351173510596,-1858882759358,-628724727254,-78506801252],[-1598005558080,-3487689757506,-2624999620453,-830302776444,-94987355417],[-1379206428600,-2932935188260,-2120588222060,-634257807260,-67398344860],[-511027624800,-1064640885000,-745248619500,-212928177000,-21292817700]]] [-6,7] [[[-1,4,310,3201,15706,42197,60226,35913]],[[8281,104286,468469,882420,592900]],[[1]]]
4.11.4 [[[0,0,0,0,25],[-300,-2200,-6380,-8360,-3940],[25360,108000,164656,81088,2896],[22080,291840,727360,304512,-110528],[-1962496,-6426624,-5696000,2330624,1203712],[3633152,7417856,-65536,-5931008,-2158592],[-3801088,-11894784,-25853952,-50036736,16154624],[-73793536,-191234048,-113377280,36962304,-102236160],[-68157440,-250609664,-305135616,-109051904,158334976],[-230686720,-553648128,-356515840,-100663296,-96468992],[402653184,1577058304,2214592512,1275068416,234881024],[-268435456,-1073741824,-1610612736,-1073741824,-268435456]]] [-5,2] [[[-1,156,160,256]],[[25,-40,656,-8192,20480,-106496,720896,-1572864,1048576]],[[1]]]
4.11.5 [[[0,0,0,0,1],[0,16,96,160,-112],[1792,14848,38656,17408,5888],[-1130496,-4694016,-7593984,-5799936,-1236992],[135135232,555352064,837681152,445906944,102236160],[-6199181312,-22389194752,-28311552000,-14675869696,-2067791872],[1275068416,-26373783552,-78248935424,44291850240,35366371328],[4946728583168,14978698444800,11462193971200,-5209795330048,-2524367028224],[-11424613007360,51745765982208,227994043940864,200420353900544,29669634080768],[-131391639519232,356241767399424,2103915499749376,2388139255529472,-99505802313728],[263882790666240,5453577673768960,21726349764853760,32545544182169600,17328303253749760],[-14073748835532800,-56294995342131200,-84442493013196800,-56294995342131200,-14073748835532800]]] [5,2] [[[-1,-80,-9984,8192]],[[1,-192,11264,-212992,5242880,-268435456,2751463424,-21474836480,1717986918400]],[[1]]]
4.11.6 [[[0,0,0,0,10404],[0,-20808,-92922,-144228,-11832],[-2663424,-9947652,-14508941,-9892670,-2596259],[-67967496,-206933112,-239004708,-125234088,-25685301],[-598491604,-1608054100,-1587508748,-687051032,-112357900],[-2495389956,-6085656898,-5273754198,-1927713868,-254678692],[-5385015134,-11995897911,-9101625228,-2758627602,-283337071],[-5612134720,-11209872916,-7075746650,-1555791344,-86504770],[-1616359200,-2238553824,-288061500,425495844,91362720],[1190231560,2777090142,2203900161,677626668,60585089],[407538000,710148600,339696600,30918600,-6167400],[-162960000,-339500000,-237650000,-67900000,-6790000]]] [-37,51] [[[-1,7,219,1115,1934,679]],[[10404,60996,109189,37606,-50391,-19400,10000]],[[1]]]
4.11.7 [[[0,0,0,0,1],[9,39,57,36,180],[729,4968,10935,8208,12501],[37179,262440,595350,551124,415530],[-2145447,-411156,8844228,11687328,6276690],[-263535687,-573365790,-406453950,-89597016,11022480],[-9073292193,-21204495900,-17909207406,-6632383680,-905929758],[-102006379863,-242611319556,-208645862364,-77662661976,-10554418260],[885169723923,1584980267220,817715512116,114332090976,-3572877843],[24507445293162,47832095833407,30067833291453,7347042153396,603859402188],[52762021555932,107295329587572,72131108903487,19358626994352,1760826122505],[31632108085872,65900225178900,46130157625230,13180045035780,1318004503578]]] [26,9] [[[1,36,513,3402]],[[1,144,6804,93312,-1062882,-21730032,104162436,459165024,387420489]],[[1]]]
4.11.8 [[[0,0,0,0,289],[0,0,-102,-204,-11934],[-64736,-254320,-388040,-256704,33900],[1016328,3574284,5973468,5603184,2868376],[6005376,19204960,26374256,18132224,-7428704],[-410967008,-1176282768,-1329579376,-751934848,-292523200],[-1145515776,-3607239936,-3489617856,-1411777536,-520298112],[68575288704,169363710784,151243970240,60669785600,9879612160],[-127607076864,-107724681728,122043752704,132791300096,30629942528],[-1824878971392,-4067433997056,-3092563836672,-942484331520,-92475520512],[233081376768,-866559725568,-2139023858688,-1255028686848,-215645930496],[10407899381760,21683123712000,15178186598400,4336624742400,433662474240]]] [-10,17] [[[1,-10,-344,-1168,9296,65760]],[[289,-7888,10168,595776,1648656]],[[1,-4,4]]]
4.11.9 [[[0,0,0,0,9],[0,-81,-375,-588,-60],[-13248,-54504,-89705,-69044,-19127],[-1023120,-3356496,-4285266,-2502840,-571598],[-30226016,-86632240,-93499500,-44760880,-8232500],[-462870080,-1197017168,-1127475304,-456243648,-68565480],[-4021733504,-9534677952,-7959090176,-2763749952,-344479104],[-19815752704,-43423287040,-32340933760,-9695372544,-1010901888],[-50072006656,-101565614080,-67273399296,-17269602304,-1489810432],[-42364764160,-77372928000,-42854791168,-8313495552,-466868224],[26725613568,53762342912,35462152192,9219653632,794230784],[-3527147520,-7348224000,-5143756800,-1469644800,-146964480]]] [-17,9] [[[-1,32,1539,18130,85504,143520]],[[9,156,628,-416,64]],[[1,8,16]]]
4.11.10 [[[0,0,0,0,961],[0,-14415,-67177,-105524,-1147],[-2490912,-9592175,-15543050,-13193680,-3584242],[-238012668,-775112499,-1010573937,-658845774,-171965853],[-9850005972,-28951475175,-33049015179,-18143684202,-4118189226],[-231606447564,-630130831252,-649293087145,-312026249948,-61079790533],[-3414828091068,-8726247282348,-8253511502490,-3545520750756,-603614986326],[-32795736438024,-79493763058290,-69798257834697,-27169320367350,-4070213602371],[-205469891809056,-475870993875270,-391185620966133,-139373494569666,-18588975669747],[-810822094345872,-1804643459124912,-1398401364966732,-459767420880012,-55187420692320],[-1830831914369808,-3934559571051312,-2890561637998692,-883173047101632,-96339065784444],[-1804231490874624,-3758815605988800,-2631170924192160,-751763121197760,-75176312119776]]] [-68,31] [[[-1,51,2204,28259,153927,309624]],[[961,47864,974866,10401468,61402929,190443204,242798724]],[[1]]]
4.11.11 [[[0,0,0,0,961],[0,-12493,-57908,-90830,-24490],[-2183392,-8541027,-13382605,-9964954,-2814085],[-165295596,-517109481,-626329390,-350426364,-77649704],[-4791500140,-13176194701,-13577302372,-6282081612,-1130950485],[-72827286420,-182996671594,-167325460826,-66980706054,-10174204338],[-648339514868,-1521913712448,-1266886011283,-451633384578,-59691820411],[-3498781134176,-7791703816840,-6018773050236,-1954510456048,-230730761372],[-11261734757792,-24107738618648,-17585798946660,-5314266929528,-574471843724],[-20126837459968,-42023668460736,-29547269070880,-8517304037472,-866865967360],[-17095697950464,-35540115695616,-24792036392256,-7047285778176,-699667131072],[-5464695656448,-11384782617600,-7969347832320,-2276956523520,-227695652352]]] [-74,31] [[[-1,66,951,2872]],[[961,27404,306158,1671716,4505225,5303816,2202256]],[[1,12,36]]]
4.11.12 [[[0,0,0,0,1225],[0,-13475,-61810,-96670,-31955],[-2156000,-8291990,-12659629,-9069852,-2524749],[-134538600,-410992680,-480933714,-255046452,-52861626],[-3125694400,-8341521368,-8218502712,-3543026336,-577867696],[-36929431104,-89445398640,-77241072432,-28236698688,-3776546112],[-244305462592,-547958593824,-423854469760,-134458552320,-15134056544],[-903829077888,-1897226794816,-1328223796736,-369008352896,-35289068992],[-1656958856704,-3253757284480,-2046679641216,-488218748416,-38337534976],[-776238532608,-1308710619648,-599271316224,-64110638592,2688590592],[981313035264,1963903574016,1283500774656,328381848576,27471612672],[-189369446400,-394519680000,-276163776000,-78903936000,-7890393600]]] [-78,35] [[[-1,53,919,4792,7900]],[[1225,10920,19576,-21216,4624]],[[1]]]
4.11.13 [[[0,0,0,0,169],[-1014,-6760,-17810,-22100,-15418],[37908,209248,487096,580712,324908],[-1687608,-7260552,-11733109,-8754414,-3180153],[20385528,83490832,123871092,77647504,18242234],[-116707308,-450086684,-608035160,-325439824,-58945060],[271755432,965430000,1126215684,439619832,43928784],[-105854472,-179503416,227690748,532716840,162182412],[143181216,133833168,-578731176,-842442768,-184700952],[-23302080,-88569504,-152362512,-172159776,-109737072],[4333824,48109248,171442656,247008960,126241632],[6272640,25926912,39726720,26763264,6690816]]] [-82,39] [[[1,-74,576,-3649,7350,384]],[[169,-2912,12076,7464,-29244,-4752,17424]],[[1]]]
4.11.14 [[[0,0,0,0,729],[-5103,-36450,-102060,-131220,-80919],[-204120,-922914,-1146582,309960,861975],[1142019,5385852,11054610,10007388,131679],[-15760116,-59911056,-84018776,-53080096,-20696678],[67198286,233423852,287380608,134877848,19663130],[-112801028,-317294820,-258432404,-11794896,29081774],[34539050,18687880,-142675476,-187765160,-41895970],[32960772,141064960,209338120,114002144,1325117],[8218017,24370470,36049212,38200572,20650221],[-8739252,-35547498,-54626886,-38158776,-10635381],[1594323,6377292,9565938,6377292,1594323]]] [-74,27] [[[1,-97,-214,830,-763,243]],[[729,-10206,27999,58428,-10169,-23166,6561]],[[1]]]
4.11.15 [[[0,0,0,0,1],[45,270,604,668,1621],[86904,582486,1679586,1644456,764823],[102987855,531852156,1122458490,978315084,-11926053],[41651161308,200488343616,370137030408,44136459360,-91626486390],[6941651518422,25433811791964,25805218900752,-68089279550472,-15455247056334],[767134409632812,1983120250683420,93735612472572,-7260948022648464,2539299813290190],[234868967396672562,993929790511088280,1536371364206564604,932225087477673144,649483686026278902],[-23371937750856175884,-97394741126052762960,-138614145771401492760,-72295788559186671264,1004131051225603173],[-230195139000497651907,-2126840982158477544570,-5735816456329722409308,-5814666171405745947540,-1597257077285565645975],[-9191195087047038173556,-43986433630867968402018,-87316353326946862648782,-86659839392157788493528,-36436523380793615616597],[-79766443076872509863361,-319065772307490039453444,-478598658461235059180166,-319065772307490039453444,-79766443076872509863361]]] [190,9] [[[-1,-763,-201690,-12636486,1391843979,3486784401]],[[1,858,-91521,-127782036,14879816559,1318004503578,22876792454961]],[[1]]]
4.11.16 [[[0,0,0,0,1225],[-6125,-42875,-117635,-149520,-93030],[-482475,-2058700,-2927049,-1102432,364211],[1107645,7584675,17848802,16891206,3547267],[-5628891,-26546780,-46592338,-38194636,-16110878],[-2497725,-2956011,-1361238,-8096466,-6058407],[16028559,68583294,117915543,95134392,28681623],[39522573,134643681,158738562,73123506,13927437],[19440729,51462378,35704314,-4876848,-7620561],[349920,-6075486,-19346931,-17465382,-3585951],[-966654,-3513780,-4005126,-982692,571536],[236196,944784,1417176,944784,236196]]] [-16,7] [[[1,-66,-379,427,439,81]],[[1225,-12180,24606,31968,-12231,-8748,2916]],[[1]]]
4.11.17 [[[0,0,0,0,4],[132,1012,3254,4484,784],[106434,603774,1281501,346842,-398439],[8450568,36850950,41503428,-230448564,-68585049],[3223189665,13976878617,16717913514,-12694629582,10153101573],[-64479205089,-202472643708,271749698145,1156893912900,1693621156527],[5429181592683,1383736846545,-64198358715258,-77183545593978,-28977172870383],[-1391107263067899,-6391469517277500,-11108778100598322,-10169352375620364,-6241684232979342],[-61888690185902703,-262710337624956189,-362175524494225326,-84795953649744042,111316997176038603],[294396358371236451,2462412186267092118,6521189826833817777,6505336209662529804,925775495201533419],[-5022714167448962355,-23874106222035024795,-46789789224169458495,-45831366004268867400,-19154052018765196470],[20429547582091547025,81718190328366188100,122577285492549282150,81718190328366188100,20429547582091547025]]] [8,1] [[[1,439,34587,-2486619,-35075106,43046721]],[[4,-972,-110079,23304672,1452959694,-58256562420,474590099025]],[[1]]]
4.11.18 [[[0,0,0,0,676],[6084,43940,123838,159796,75452],[80262,347178,406119,-148458,-289407],[211302,628056,427287,-23598,322974],[-1727559,-7082469,-9486576,-2910870,245808],[1660014,6911487,11660355,8369082,-95580],[-4024566,-11979171,-10999638,-3085128,-578097],[6502680,18864333,11193795,-9590724,-677241],[-286497,1688364,6375105,6451650,2882466],[-1102248,-6088608,-10945935,-6574122,688905],[131220,209952,-656100,-1732104,-1102248],[944784,3779136,5668704,3779136,944784]]] [-41,13] [[[1,116,75,162,-108,81]],[[676,-2964,3717,4590,-12231,1944,11664]],[[1]]]
4.11.19 [[[0,0,0,0,16],[-48,-336,-948,-1224,-504],[16092,82404,159381,115182,8505],[277020,1078920,1438317,1692738,960822],[69710625,266278185,323122689,61935840,-6095169],[-130734486,-747737487,-1266719148,187775820,-140477571],[-13487972580,-59576130423,-91987654131,-57417948522,-627100380],[-172716199236,-385266558627,127702083654,689828486994,43544149776],[1708022144745,7601132598552,11650953761325,6291967021686,1544774629806],[-225478724598,-31922673452622,-114282458106687,-130324378294710,-37374067153341],[5711352848838,91200332792556,338782945969962,495165226354812,263084856624252],[63640788887052,254563155548208,381844733322312,254563155548208,63640788887052]]] [-7,6] [[[1,-36,1458,18225,761076,177147]],[[16,72,-12231,123930,2709693,-58340412,359254116]],[[1]]]
4.11.20 [[[0,0,0,0,16],[-64,-448,-1236,-1576,-1112],[-11952,-57616,-96951,-56722,-4615],[125312,565152,1063758,947364,258732],[-1430728,-5365104,-7153953,-3814866,-1139565],[5371968,17505504,18432150,4169940,-1719612],[-6533224,-12684960,3287856,17954208,5354188],[-2443248,-16699072,-32798688,-21784576,278080],[695872,1816448,-1509696,-7883008,-6787264],[3826688,14241792,21052416,15393792,5002240],[-1257472,-5079040,-7680000,-5201920,-1372160],[131072,524288,786432,524288,131072]]] [-9,4] [[[1,-56,-1065,2768,-2160,512]],[[16,-216,329,2828,1636,-1600,256]],[[1]]]
4.11.21 [[[0,0,0,0,1],[112,640,1200,1120,5360],[491520,3381248,9768960,9230336,10004480],[1571356672,8535932928,19030278144,19728433152,6950158336],[1845384708096,9210557366272,17942980853760,12004567810048,145794007040],[848370931335168,3539375174451200,4952537526435840,-929469577560064,-1437253897289728],[56221053185163264,-4050600836726784,-604091204631527424,-1518478884272603136,-236341673657892864],[38300018606042251264,144710789126575620096,179211247390744903680,52311702209210351616,80189757958819676160],[-2331567570285234225152,-8819849510242379366400,-8140418456058756857856,3154825582168560893952,9321802710310585368576],[-15126330140441832325120,-284448793616601285918720,-839788023955627337318400,-705809321748274863931392,85131723900169580707840],[-3664556390706844685828096,-16471614292249322505371648,-30034250831050943559106560,-27125273077603242107469824,-10502543057902090955259904],[-77371252455336267181195264,-309485009821345068724781056,-464227514732017603087171584,-309485009821345068724781056,-77371252455336267181195264]]] [75,2] [[[-1,-2160,-1417216,-279183360,7516192768,68719476736]],[[1,3200,1675264,-1482686464,88315265024,29686813949952,1125899906842624]],[[1]]]
4.12.2 [[[0,0,0,0,1],[0,-32,-192,-320,128],[-22784,-58368,-51200,-63488,-23552],[835584,-2162688,-10878976,-5505024,-1376256],[672923648,1935671296,2340421632,343932928,247463936],[116836532224,255953207296,233337520128,97710505984,-11811160064],[-2993592205312,-5643587026944,-2473901162496,-5153960755200,-927712935936],[-849097854550016,-1536567499816960,-847998342922240,171523813933056,125344325566464],[-9033587533807616,2533274790395904,21145807625388032,31806672368304128,-1548112371908608],[-82190693199511552,-1614540466412322816,-2905947659560812544,-2053641430080946176,-234187180623265792],[-59087227111100907520,-144835764016235151360,-103474705038464516096,-6341068275337658368,17582052945254416384],[1890791267555229040640,4381101717506018508800,3343472363359856230400,737869762948382064640,-92233720368547758080],[-149418626997047368089600,-398449671992126314905600,-398449671992126314905600,-177088743107611695513600,-29514790517935282585600]]] [33,2] [[[-1,64,4096]],[[1,64,-19456,1179648,79691776,-21474836480,1700807049216,-76965813944320,1759218604441600]],[[1,128,4096]]]
4.12.3 [[[0,0,0,0,25],[100,500,1060,1120,80],[-31760,-101760,-144256,-99328,-15616],[-1406720,-3271680,-2886656,-589824,212992],[74915840,162693120,133070848,38273024,1441792],[378208256,451149824,-68943872,-553648128,-119537664],[-12308185088,-20006830080,-8002732032,402653184,905969664],[131650813952,374937223168,365810417664,168577466368,11811160064],[-3202434990080,-6251324899328,-4232690270208,-1168231104512,-253403070464],[9212704849920,12472585027584,4913442586624,2886218022912,1443109011456],[-47897475284992,-16492674416640,89610197663744,83562883710976,25288767438848],[-1477743627730944,-3676766883282944,-3272146604261376,-1196268651020288,-140737488355328],[-5699868278390784,-15199648742375424,-15199648742375424,-6755399441055744,-1125899906842624]]] [12,5] [[[-1,-16,256]],[[25,-1120,25344,-327680,1245184,18874368,-318767104,1073741824,17179869184]],[[1,32,256]]]
4.12.4 [[[0,0,0,0,25],[-300,-1500,-3100,-3200,-1600],[73200,236800,307840,189440,58880],[-4561920,-11842560,-11965440,-6021120,-1556480],[122204160,289751040,266059776,131334144,32047104],[-1807024128,-4403232768,-4288413696,-2283798528,-547356672],[16666066944,50130321408,58711867392,32916897792,7751073792],[-168812347392,-601563856896,-746519003136,-396210733056,-91804925952],[2663953465344,7528003928064,8024072650752,3917010173952,901943132160],[-16969415786496,-51488067944448,-58806692216832,-30923764531200,-7146825580544],[182244052303872,475813656920064,481311215058944,228698418577408,45079976738816],[-854320534781952,-2278188092751872,-2278188092751872,-1020346790576128,-175921860444160],[1424967069597696,3799912185593856,3799912185593856,1688849860263936,281474976710656]]] [12,5] [[[1]],[[25,-1600,58880,-1556480,32047104,-547356672,7751073792,-91804925952,901943132160,-7146825580544,45079976738816,-175921860444160,281474976710656]],[[1]]]
4.12.5 [[[0,0,0,0,1],[12,56,100,88,172],[2256,9952,17712,14784,12048],[186240,737792,1185408,923904,432256],[5437440,22459392,35200000,25311232,7751680],[-67424256,-3096576,212963328,188669952,33214464],[-7297449984,-15859777536,-12364333056,-4994629632,-1147650048],[-130689662976,-295728316416,-245132034048,-99635429376,-17323130880],[-23272095744,-20384317440,-20978860032,-44845498368,-3737124864],[15653117362176,35372906053632,28091627864064,9702935101440,1353518678016],[45644563611648,112814966439936,99018860396544,37180995010560,5332537442304],[-467306400448512,-1060245426143232,-835985319395328,-274747984183296,-31701690482688],[-2028908190892032,-4734119112081408,-3888740699209728,-1352605460594688,-169075682574336]]] [23,12] [[[1,52,1008,6912]],[[-1,-120,-4800,-54784,764928,15409152,-46006272,-1104150528,1019215872,24461180928]],[[1]]]
4.12.6 [[[0,0,0,0,1],[0,-6,-29,-46,-5],[-1152,-4908,-8322,-6228,-1548],[-67392,-229608,-302832,-179712,-41148],[-1296000,-4002912,-4760208,-2560464,-531792],[-15225408,-45542736,-50633424,-21682080,-3396816],[-145846656,-390767328,-354274560,-87619968,-1166400],[-854924544,-1909303488,-1187348544,111974400,143327232],[-2512705536,-3934220544,586185984,3699634176,965219328],[-1088391168,9231169536,25382356992,19026690048,994332672],[18865446912,61917364224,60466176000,7739670528,-12576964608],[-17414258688,-107387928576,-206068727808,-162533081088,-46438023168],[-208971104256,-592084795392,-615303806976,-278628139008,-46438023168]]] [-5,9] [[[-1,17,1452,21456,120960,290304,248832]],[[1,12,108,-432,-3888,-31104,186624]],[[1]]]
4.12.7 [[[0,0,0,0,49],[294,1764,4284,5040,4662],[53928,250152,461568,408096,201924],[2012472,8464554,14258673,11876706,4820931],[28074384,119953116,208154394,185689692,73172862],[109107648,700408296,1646581932,1849651848,779725764],[-944270784,464052240,8294972184,12880940112,6091350984],[-9916826112,-9484185024,34683510528,63733075776,34814054016],[-32812978176,-31621010688,113222634624,212938357248,141787304064],[-102174400512,-197321287680,96705570816,469781876736,376126488576],[-506625933312,-1299619676160,-793316229120,401172922368,445353541632],[-1625330810880,-4767637045248,-4999827161088,-2198066429952,-340545503232],[-2972033482752,-8916100448256,-9659108818944,-4458050224128,-743008370688]]] [-40,63] [[[-1,-66,-1800,-16011,-45090,5184,62208]],[[49,1428,19476,180576,1124928,4478976,11943936]],[[1]]]
4.12.8 [[[0,0,0,0,1],[240,1152,1920,1536,5376],[1351680,6422528,13074432,10747904,11534336],[4680843264,18685624320,32602324992,26273120256,12431917056],[8585371189248,30062623588352,44328357462016,29807073034240,6567004995584],[8918413690798080,27747275438555136,34585138251694080,16189209207373824,712483534798848],[5349643038618550272,14475976577252327424,14449517929441525760,2567051787601182720,-1022317115413102592],[1733165280597261680640,3722927653563584741376,2185939172734581866496,-1478621829658281246720,-524002823843811950592],[216989050539045455659008,141449633557204841791488,-476147358030590946312192,-780961357104567577214976,-63751947518740210384896],[-18870576465547102273929216,-118833630174931752157446144,-186042349959132542838767616,-102003116029984336615833600,21987338344241068114968576],[-3231458715829903783989608448,-6441156766906744242834505728,2611279770367599017365340160,12882313533813488485669011456,8530180583200823456726777856],[1336975242428210696891054161920,4813110872741558508807794982912,6684876212141053484455270809600,4278320775770274230051373318144,1069580193942568557512843329536],[205359397236973163042465919270912,581851625504757295286986771267584,604669336308865424513927428964352,273812529649297550723287892361216,45635421608216258453881315393536]]] [48,1] [[[1,768,65536]],[[1,4608,7929856,6039797760,1408749273088,-765260092932096,-526921156402348032,-69175290276410818560,23906980319527578894336,8160249282398746929266688,696341272098026404630757376]],[[1]]]
4.12.9 [[[0,0,0,0,1],[112,384,-384,-1536,4608],[-57344,786432,3588096,-1966080,7077888],[-55574528,201326592,1086324736,1207959552,4043309056],[-721554505728,-2134598746112,-2472827420672,-1546188226560,682899800064],[-966745598722048,-3097874011258880,-3878252389072896,-2179232046252032,-87960930222080],[-336362597169233920,-1009087791507701760,-1038079714108899328,-515099207380500480,-37717646879227904],[86397055251475595264,206517064512701464576,169695633959320289280,-25652503477502345216,-13474770085092524032],[34975026763753309863936,74524846057786588528640,39439138829591021355008,-7452484605778658852864,-3357307421415138394112],[1303373149272022078980096,3740114254432759009247232,3985677311541980560359424,2266735911777429702574080,-37778931862957161709568],[793055337667196738607251456,2340480386773922082231156736,2359823199887756149026455552,851083777008698938993147904,19342813113834066795298816],[9903520314283042199192993792,29710560942849126597578981376,34662321099990647697175478272,19807040628566084398385987584,4951760157141521099596496896],[10141204801825835211973625643008,30423614405477505635920876929024,32958915605933964438914283339776,15211807202738752817960438464512,2535301200456458802993406410752]]] [48,1] [[[1,512,-131072,-50331648,8589934592]],[[1,4096,5111808,2013265920,519691042816,131941395333120,20266198323167232,2305843009213693952,295147905179352825856]],[[1]]]
4.12.10 [[[0,0,0,0,1],[144,640,896,512,2560],[466944,1966080,3620864,2490368,2686976],[943718400,3095396352,3938451456,2919235584,1744830464],[772288806912,2280627634176,2573759152128,1494648619008,901943132160],[301815941824512,831230790598656,831230790598656,633318697598976,376032976699392],[28816000740753408,141863388262170624,255438541364920320,227994731135631360,130041439240323072],[-5890708312600608768,29939930322759057408,96250931236162240512,68742944712183250944,37614064087798382592],[1463057389346088812544,15356914441363201720320,30312612199123220692992,17155471988549883002880,9020457852043970740224],[1474263786370867365150720,5100155801499216830791680,6782498861021527938170880,3825116851124412623093760,1794499263490465181204480],[327543339251838592021954560,958073712044593620954644480,1181724988673300018275287040,773712524553362671811952640,278052938511364710182420480],[44972040489664205299069747200,150873942287905721003330764800,199230975072490887991577804800,123794003928538027489912422400,30948500982134506872478105600],[10027314318211580226682906214400,26739504848564213937821083238400,26739504848564213937821083238400,11884224377139650639031592550400,1980704062856608439838598758400]]] [48,1] [[[1]],[[1,2560,2686976,1744830464,901943132160,376032976699392,130041439240323072,37614064087798382592,9020457852043970740224,1794499263490465181204480,278052938511364710182420480,30948500982134506872478105600,1980704062856608439838598758400]],[[1]]]
4.12.12 [[[0,0,0,0,1],[-48,-256,-592,-672,-432],[52736,192512,296448,220160,71168],[-13418496,-40648704,-49020928,-26836992,-6045696],[1341652992,3445096448,3228565504,1504706560,349700096],[-35399925760,-72058142720,-45164265472,-51438944256,-21189623808],[-2660732239872,-5377835925504,-2573759152128,2966748659712,1267552223232],[168637595910144,225348344086528,-50543175139328,-167503724544000,-53034256171008],[-1070924325453824,2634979615965184,7853811557203968,3438172860055552,1774062011416576],[-65917921108426752,-133577468635250688,-92869150128472064,-25332747903959040,-68715078689488896],[295548725546188800,408138716230451200,1908963292051668992,3494793310839504896,2193253018529431552],[-32515989309614981120,-131505109119218483200,-200860543380724121600,-138350580552821637120,-36749372959343247360],[1167333023414432563200,3112888062438486835200,3112888062438486835200,1383505805528216371200,230584300921369395200]]] [19,2] [[[1,-240,13824,-294912,2097152]],[[1,-64,-1024,-262144,11534336,335544320,26843545600]],[[1,-128,4096]]]
4.12.13 [[[0,0,0,0,25],[-700,-3700,-8260,-9120,-4080],[373680,1288960,1795264,1098752,249344],[-39217920,-104970240,-105533440,-45047808,-7999488],[1195077632,2583101440,1946910720,859045888,211484672],[1676279808,4603248640,-1555038208,-18396217344,-6473908224],[-497591255040,-657129996288,148478361600,579820584960,158444027904],[4787412140032,-292057776128,-12767864029184,-9689446219776,-2712271847424],[17072495001600,105484396789760,154447023964160,77790447665152,45835890982912],[-372322124955648,-923589767331840,-1324911511470080,-1266637395197952,-811439581298688],[6627856092233728,23573529299517440,36626931344474112,28428972647776256,9781255440695296],[-128774801845125120,-396316767208603648,-478507460408115200,-270215977642229760,-60798594969501696],[729583139634020352,1945555039024054272,1945555039024054272,864691128455135232,144115188075855872]]] [26,5] [[[1,-144,6912,-122880,524288]],[[25,320,11264,-262144,-1048576,-67108864,1073741824]],[[1,-32,256]]]
4.12.14 [[[0,0,0,0,4],[36,132,154,44,148],[5778,15750,20115,10854,873],[303750,695628,594621,316710,10206],[15910425,27497151,19225188,4430862,606528],[517190508,761646807,411072894,82301184,2899962],[9761153994,11368644921,4347718821,302685174,-60938568],[75991811472,44252029188,-12655735974,-12475046034,-1522047024],[-475924547376,-1055849972688,-698213031651,-169422327918,-8948934999],[-12571020027072,-14198186080872,-5253680111166,-540839002644,39000329226],[-26109041594688,-3654150052248,13231184540328,6248317646592,799635889296],[674818305831936,806367707712864,360254564311320,71297767431648,5272018014312],[1084529420087040,1120680400756608,429292895451120,72301961339136,4518872583696]]] [5,6] [[[1,-8,153,3078,2916]],[[4,180,1701,-16038,-347733,-3188646,11160261,172186884,1549681956]],[[1]]]
4.12.15 [[[0,0,0,0,25],[-125,-850,-2285,-2870,-1480],[-5550,-23710,-37791,-24118,-4531],[16220,57120,77792,38976,2236],[114136,254100,151398,-636,1455],[-338569,-952026,-776517,79818,80304],[164470,608202,680097,67050,-18597],[470378,224532,-1051014,-909636,-38172],[-768200,-1265472,159468,1009968,-211116],[812792,1790712,950616,-365040,-218600],[-644368,-1419568,-605540,624376,547196],[1340960,3615968,3468000,1368704,175712],[-1414944,-4009008,-4166224,-1886592,-314432]]] [-17,10] [[[-1,56,369,584,272]],[[25,-80,214,-700,1301,-1924,3136,-3128,1156]],[[1]]]
4.12.16 [[[0,0,0,0,1],[-272,-1408,-3200,-3584,-2560],[1634304,5603328,6815744,4849664,4063232],[-1388314624,-3825205248,-2273312768,-4630511616,-4915724288],[-490968449024,-201863462912,1451698946048,4054449127424,4462471020544],[588376159813632,-151182848819200,-3263900267053056,-2306775395074048,-3170991534505984],[20266198323167232,927600785749966848,2563955562857365504,1204149950368186368,1786803152159244288],[-166781805000411578368,-721368573913696567296,-1301756465092187127808,-791768843288752160768,-754082721606915850240],[103354801201985404010496,366057189398692342267904,557774200556755712212992,398154524086946962079744,222504627017084611592192],[-38830838997016375180918784,-128183915811013649680564224,-174737004599142612197179392,-118323614594781830474366976,-43426882176469257385148416],[8782241616590473639653015552,27070266952810776480020692992,33226117226288468237624541184,19768355002338416264795389952,5270916573519783201718927360],[-1057200793549714754763852087296,-3025525456013469391853459603456,-3347389866227668263327231901696,-1723212534685249342659580919808,-356526731314189519170947776512],[51339849309243290760616479817728,136906264824648775361643946180608,136906264824648775361643946180608,60847228810955011271841753858048,10141204801825835211973625643008]]] [48,1] [[[-1,1280,-458752,33554432]],[[1,-512,1376256,-603979776,498216206336,-175921860444160,18014398509481984]],[[1]]]
4.13.2 [[[0,0,0,0,1],[-784,-3456,-6272,-5632,-3072],[7278592,20348928,21823488,11927552,5373952],[-13147045888,-29444014080,-25694306304,-15435038720,-6996099072],[8229962645504,21264383082496,24829205938176,16492674416640,6979321856000],[-4160826877411328,-16901142986358784,-23943514962264064,-13521793998389248,-5455776697024512],[4272156827770159104,14384637947309719552,17519565500424650752,8879409615314354176,3410350817826308096],[-3496202937522871861248,-9330737851971288432640,-9953135320473890979840,-5067666473499395883008,-1668925935512448925696],[2016063106559790605664256,4828914876639391583830016,4756972574751924332527616,2347901585701751729684480,608594980479825526915072],[-882527654234886471648542720,-1954020803281801796523130880,-1755416958478235997415931904,-777868207058287959600005120,-157349251209216578520350720],[266575396779943420797760045056,542314451272565730739792904192,437843917644747935978383998976,169288300372275752592455237632,27505480247872042982914916352],[-49245564247782248680555886411776,-92068076601732301804797666787328,-66915610883531945379397260804096,-22639447438451034467355183808512,-3055236016956318518451038584832],[4920385804785872421909453491666944,8490723720328680531224918069608448,5592874448206948119403454542118912,1673298792301262809975648231096320,192682891234690869027498887217152],[-202824096036516704239472512860160000,-324518553658426726783156020576256000,-194711132195056036069893612345753600,-51922968585348276285304963292200960,-5192296858534827628530496329220096]]] [48,1] [[[1,-768,65536]],[[1,-1536,2162688,-2147483648,1477468749824,-844424930131968,328762772798046208,-64563604257983430656,4722366482869645213696]],[[1]]]
4.13.3 [[[0,0,0,0,1],[-24,-112,-212,-200,-152],[9376,28992,37776,25568,9872],[-1014016,-2539008,-2642176,-1399808,-364032],[52101120,112343040,98770944,43130880,8529920],[-1501495296,-2879913984,-2213789696,-830013440,-135135232],[25817448448,45223772160,31405178880,10569777152,1517879296],[-269278511104,-446554963968,-293598134272,-93967089664,-12704546816],[1730242674688,2903272062976,1939722993664,626159255552,83248545792],[-7823954018304,-14365726081024,-10178669838336,-3331284008960,-436207616000],[33853200662528,63200443760640,44105019162624,13958643712000,1791001362432],[-122007135977472,-210762635149312,-140393890971648,-43843026157568,-5634997092352],[272060408397824,490931941801984,340298848796672,107752139522048,13194139533312],[-687194767360000,-1099511627776000,-659706976665600,-175921860444160,-17592186044416]]] [3,4] [[[1,-48,256]],[[1,-56,1168,-12288,88064,-524288,2162688,-6291456,16777216]],[[1]]]
4.13.4 [[[0,0,0,0,1],[-64,-352,-896,-1088,-128],[89856,320512,536576,223232,-97280],[-28295168,-78446592,-100597760,45219840,25755648],[4397465600,8992587776,8074035200,-18865979392,29360128],[-592873259008,-1003143299072,-717393756160,2214592512000,-865435910144],[73292543164416,141527762337792,137705241444352,-79714593013760,158037616623616],[-4239098361413632,-9296370812846080,-12437125777588224,-3580009860038656,-14077047370416128],[-293116605825548288,-711990953589604352,-343293918470733824,66428094503714816,657595914340270080],[70349040929294254080,177504875713180729344,157873684937472737280,56673297710830321664,-8673932882315575296],[-5505848702844035661824,-14295073735620295655424,-13763000461244235776000,-5833782813310645698560,-739022684452988911616],[229781867554163029704704,606676519096159733547008,600257052158508809584640,266223410471776248922112,45010055539851305943040],[-5147379466327913282928640,-13694862800321971119718400,-13675973334390492538863616,-6120186961799060196950016,-1057810092162800527867904],[48961495694392481575600128,130563988518379950868267008,130563988518379950868267008,58028439341502200385896448,9671406556917033397649408]]] [33,2] [[[1,-192,4096,524288]],[[1,320,-31744,-7077888,1157627904,-60129542144,1099511627776]],[[1]]]
4.13.5 [[[0,0,0,0,1],[-240,-1152,-2432,-2560,-1280],[1130496,3768320,5816320,3932160,393216],[-1859125248,-5058330624,-6517948416,-2516582400,436207616],[1751541350400,4041564225536,4114578669568,146028888064,-493921239040],[-996157534765056,-1853776604430336,-1343328331235328,857619069665280,194613558116352],[331858997541863424,401524054277750784,81064793292668928,-638385247179767808,3377699720527872],[-53529785170925715456,19995982345525002240,115598395235345891328,214875745421101105152,-42369865294301626368],[-190232048260129751040,-27365744833348119822336,-32055829514088773320704,-23021536603989520416768,24128341248412093513728],[-1200661678269607295582208,-3612610359395278588477440,-9913427839164102714851328,-10455319393073394503122944,-7886352026392307506872320],[2303230359957046320785522688,6805647901520554939008417792,8543176535761680720354869248,5428076930069684994430730240,1713047886393929540558651392],[-961473211449349958193918246912,-2451430762794874289368990744576,-2482379263777008796241468850176,-1210705358421101908851343491072,-249754402925825470460898312192],[185304768600550002589100106842112,421771123144686201179231219613696,367281954375500902999271367770112,146413644326360495872869220220928,22738482641593864889347113746432],[-14907571058683977761601229695221760,-30808980187946887373975874703458304,-23603654176249631455868613684101120,-7950704564631454806187322504118272,-993838070578931850773415313014784]]] [48,1] [[[1]],[[1,-512,-196608,402653184,-154618822656,-6597069766656,35465847065542656,-16429131440647569408,4427218577690292387840,-661131307601750329917440,59237365161116829560602624]],[[1]]]
4.13.6 [[[0,0,0,0,1],[-18,-89,-178,-178,-217],[6192,24334,39795,33324,20643],[-713952,-2524040,-3660480,-2668464,-1114456],[38709792,131081136,177648928,116144992,36536560],[-951160320,-3383810496,-4599245184,-2793831552,-697005504],[-1056312576,18392859648,42714847296,27747606528,5402526912],[678366544896,1328270068224,857573111808,287137944576,61703493120],[-16291812372480,-35365777514496,-27646051700736,-10559291424768,-1748457529344],[114446794752000,246689600274432,191597765492736,69953722122240,9300074102784],[1229013241823232,2743744160858112,2141350124322816,731244071485440,104624866197504],[-20789539324821504,-44452209462607872,-32699592002764800,-10238407678623744,-1201485813645312],[-1711891286065152,-10414005323563008,-15050377556656128,-7560853180121088,-1212589660962816],[924421294475182080,1925877696823296000,1348114387776307200,385175539364659200,38517553936465920]]] [11,9] [[[1,-97,3483,-54432,311040]],[[1,-120,5520,-106624,124992,24279552,-198402048,-2139291648,17772576768,123834728448]],[[1]]]
4.13.7 [[[0,0,0,0,1],[6,23,22,-2,127],[-384,430,3459,1644,4803],[-23520,-57016,-19584,64944,20056],[-622368,-1784112,-2134688,-1413728,-1506800],[69110784,171473472,150483072,37959552,4290624],[2640096000,6772792320,6429575232,2717687808,500582592],[-29078811648,-61076740608,-47206361088,-18498917376,-3400496640],[-1451769163776,-3124173348864,-2326537064448,-719080685568,-77713219584],[7548312748032,17464017125376,14459018379264,5122993029120,646835798016],[171379046744064,327355575828480,196949198241792,44007193313280,3034524155904],[-1390122796843008,-2737407950585856,-1747119973072896,-436696290164736,-36861470834688],[2409328476684288,4908478409736192,3310184847900672,892930948595712,81896033746944],[-1268067619307520,-2641807540224000,-1849265278156800,-528361508044800,-52836150804480]]] [25,9] [[[1,7,-117,2592,34560]],[[-1,-120,-4080,-2944,1395648,317952,-190881792,1258094592,-2484338688,1528823808]],[[1]]]
4.13.8 [[[0,0,0,0,1],[-6,-41,-112,-142,-55],[696,3958,7455,4668,456],[41718,133507,175671,127188,35078],[736812,2316756,2450839,664768,82753],[4050684,8119728,2649993,-4028814,-2655315],[-11353464,-53365392,-89450730,-60015708,-6219018],[-103999248,-256801536,-175541148,29231928,49673412],[407584224,1325353104,1655573904,906483312,145904976],[1361857536,2895494688,1842270480,131663232,-132584688],[-5076546048,-12150295488,-10487219040,-3899788416,-486318816],[-4143052800,-6542944128,-2062708416,587865600,250682688],[15539807232,31633887744,21304249344,5734209024,524040192],[-8223399936,-17132083200,-11992458240,-3426416640,-342641664]]] [-1,9] [[[1,-70,1584,7128,7344]],[[-1,-15,78,1270,-3141,-22059,24840,69012,-116640,46656]],[[1]]]
4.13.9 [[[0,0,0,0,1],[0,-8,-40,-64,32],[-576,-1184,-720,-1920,-768],[21888,52480,49536,43776,-12928],[2393856,7096320,7907584,3610624,798976],[71073792,189333504,185812992,74870784,12072960],[324882432,691863552,366796800,-103809024,-83755008],[-12247400448,-29974855680,-27168473088,-10769006592,-1367801856],[-69343838208,-127210881024,-59103903744,7134511104,5833949184],[1124959518720,2512494526464,1952435404800,615096778752,58350108672],[791166320640,-200275918848,-2330691895296,-1620553236480,-281303580672],[-43002756071424,-83327012831232,-51166675206144,-11557907988480,-715489542144],[162471163723776,331546846298112,224223414976512,60761573425152,5613841022976],[-190210142896128,-396271131033600,-277389791723520,-79254226206720,-7925422620672]]] [4,3] [[[1,-28,144,8640,41472]],[[-1,-60,-768,8704,115200,-976896,-3538944,53084160,-175177728,191102976]],[[1]]]
4.13.10 [[[0,0,0,0,1],[-12,-64,-140,-152,-140],[3216,12640,20592,17088,8736],[-236352,-811072,-1141056,-824832,-315392],[7554816,25145856,33786112,22632448,7199488],[-124710912,-439520256,-599851008,-378722304,-104279040],[863797248,3884212224,5853929472,3588636672,860700672],[9521528832,8154611712,-9894887424,-9822339072,-1825210368],[-289478541312,-605350526976,-449399881728,-172884492288,-34791358464],[2552626151424,5673210347520,4617302704128,1812675428352,286399660032],[-3265567653888,-6653441212416,-4672085557248,-1271981408256,12230590464],[-89087620939776,-198355716145152,-155279576530944,-52836150804480,-6824669478912],[285315214344192,570630428688384,372494863171584,95105071448064,7925422620672],[1521681143169024,3170169048268800,2219118333788160,634033809653760,63403380965376]]] [3,4] [[[1,-80,2304,-24192,82944]],[[1,-60,1632,-22400,112896,820224,-11059200,-10616832,318504960,764411904]],[[1]]]
4.13.11 [[[0,0,0,0,1],[-9,-55,-137,-164,-98],[2007,8746,14901,11400,3822],[-60354,-199855,-271665,-196344,-64148],[390636,1316868,2203855,2242504,802771],[-2072466,-11384370,-21473472,-17894556,-6240870],[24084054,92783340,131922738,88520976,34703892],[-88435476,-341720694,-517140450,-370055952,-106587576],[125073072,715267584,1126226430,605217744,61135479],[1242795555,2931610077,2858927319,1610148132,382650642],[-6428133189,-14651119782,-11904219351,-4154687640,-473454882],[-1430206146,-5349544155,-6662597085,-3313829880,-570570804],[17174047356,34868906892,23376495267,6245494632,563858901],[11708708112,24393141900,17075199330,4878628380,487862838]]] [-2,9] [[[1,-83,2349,-8505,8262]],[[1,-15,228,-1484,8190,-12114,-45036,46980,129033,59049]],[[1]]]
4.13.12 [[[0,0,0,0,9],[-204,-1020,-2268,-2496,48],[84912,252608,347264,114688,-81920],[-6926848,-13962240,-11120640,14843904,3112960],[155938816,68894720,-171048960,-1059586048,164233216],[-6062997504,-7282622464,-5929172992,8271167488,-16133390336],[859616313344,1699158687744,1580598296576,797655957504,460769460224],[-18678527557632,-21786825588736,-10930960203776,-4434553733120,-1795296329728],[-1550645597306880,-3241704949809152,-2663060112146432,-1053847535484928,-189231964094464],[71654726105563136,114686347041570816,76059146348134400,25439125653946368,3793246396350464],[-282477662595710976,-143652843436376064,27184875240947712,13695516835577856,-1899956092796928],[-30436725960071970816,-43337259604884062208,-23836532480881459200,-5926174159666151424,-555631604026834944],[488763704872009728000,579349811464381661184,264332024729070206976,55448318612185546752,4539628424389459968],[-1541244382476867993600,-1770455085511889387520,-761360538604746571776,-145268109580462718976,-10376293541461622784]]] [68,9] [[[-1,16]],[[9,192,-78848,1851392,193855488,-13031702528,252262219776,2240899186688,-153377577107456,1339205162631168,19527326509301760,-243194379878006784,648518346341351424]],[[1]]]
4.13.13 [[[0,0,0,0,1],[-88,-352,-560,-416,-592],[71488,207616,240000,148480,124672],[-4145152,-24778752,-36247552,-19881984,-11259904],[-544288768,-8519680,1299316736,997195776,369426432],[76156174336,132991942656,76594282496,11251220480,2295332864],[-2967565500416,-5359565537280,-4076066570240,-1603566305280,-261305139200],[7421384720384,22344701575168,18091610210304,4998805061632,104421392384],[1242406800326656,2098478071152640,1342980438884352,389605073354752,42356967473152],[-1221540238589952,622186142367744,2078076976496640,1068725302198272,164651866259456],[245715285162590208,231851817925869568,80160994734637056,12367306789224448,787250325487616],[-8659168640177799168,-8954317143491477504,-3432833631591071744,-577445914721910784,-35958428274786304],[-58849240018292047872,-64872100832458309632,-26579119100833824768,-4782822804267466752,-317503773729619968],[-97318284347849048064,-111220896397541769216,-47666098456089329664,-9079256848778919936,-648518346341351424]]] [-25,4] [[[-1,272,-6400,45056,-393216,4194304]],[[1,-320,31232,-671744,-27983872,520093696,15367929856,90194313216,154618822656]],[[1]]]
4.13.14 [[[0,0,0,0,9],[-48,-240,-540,-600,564],[2112,4832,2864,-16832,8176],[-119168,-284928,-237696,39168,-22912],[-3515648,-10753024,-11020800,-4605952,-613376],[-533504,-118550528,-174219264,-96985088,-20197376],[2918510592,3753738240,1630912512,215875584,-6373376],[35938271232,70747422720,50348032000,16052387840,2041446400],[-411011645440,-383335268352,-127163432960,-20883439616,-2295332864],[-3594808983552,-4584118419456,-2301645291520,-534371106816,-47286583296],[19639522295808,23418711834624,10732989054976,2257005314048,184482267136],[-30675763724288,-36484136566784,-16450798485504,-3349000749056,-261456134144],[20593562877952,24107651432448,10657961345024,2113123909632,158913789952],[-5156108238848,-5892695130112,-2525440770048,-481036337152,-34359738368]]] [23,12] [[[-1,12,-176,3200,-17408,8192]],[[9,672,14656,63488,-437248,-1343488,7995392,-10485760,4194304]],[[1]]]
4.13.15 [[[0,0,0,0,1],[-4,-28,-78,-100,-32],[-248,-856,-1340,-1560,-876],[-9312,-32352,-42560,-17088,-1840],[-44544,-58432,9664,-50432,7808],[635136,1958400,2269440,1142784,-232704],[10905600,25555968,17694720,-2193408,-113664],[32489472,41263104,-2506752,-2015232,-2482176],[-61734912,-142245888,-45318144,93192192,4718592],[-249298944,58982400,802553856,575668224,-11665408],[1413480448,3876585472,3221225472,557842432,-126877696],[9143582720,17783848960,11282677760,3523215360,880803840],[-45298483200,-88080384000,-49492787200,-5033164800,1677721600],[201326592000,469762048000,385875968000,134217728000,16777216000]]] [-7,24] [[[1,-44,-288,-1088,256,18432,65536,163840]],[[1,12,-60,64,6144,-30720,102400]],[[1]]]
4.13.16 [[[0,0,0,0,1],[-10,-55,-125,-140,-106],[2472,9718,15925,12596,4265],[-195296,-642984,-840944,-467544,-74768],[7771200,22106112,23431824,8318688,83856],[-176547456,-431668032,-352505664,-38021568,20897472],[2270502912,4467165696,2036996352,-1313616384,-391995648],[-12628795392,-10287378432,19941605376,28598661120,2628943872],[-50065072128,-284714698752,-431131579392,-235057170432,14254089216],[967588577280,2573642760192,2064314425344,175444328448,-463201460224],[989774086144,7969362608128,16620846841856,14014241964032,4632867045376],[-88469128347648,-250675141279744,-269146315030528,-132967986888704,-26027684790272],[612116700594176,1531185809326080,1391288108711936,555075810361344,82856810381312],[-1409750403121152,-3289417607282688,-2702021605982208,-939833602080768,-117479200260096]]] [2,3] [[[-1,82,-2537,42840,-444736,2931200,-11644928,21528576]],[[1,-24,-240,9280,-19200,-897024,5456896]],[[1]]]
4.14.1 [[[0,0,0,0,1],[-2,-9,-16,-14,-13],[-148,-324,-265,-88,33],[4160,8178,6403,2362,217],[-720,-12420,-16178,-8268,-1354],[-301320,-347460,-139320,-15192,1812],[1075344,1423392,707964,149208,7580],[2089856,429576,-743540,-356680,-38540],[-16415360,-13330608,-3329000,-85088,47256],[38564800,42511200,16637888,2569088,94304],[-22811520,-46255680,-25443520,-5430528,-391808],[-152957952,-87598848,-8937408,2572416,433728],[468006912,362723328,100967040,11593728,427392],[-735436800,-617932800,-194116608,-27039744,-1410048],[497664000,406425600,123586560,16588800,829440]]] [1,30] [[[1,-9,-11,237,-170,-1488,1440]],[[1,-4,8,8,-76,128,-32,-384,576]],[[1]]]
4.14.2 [[[0,0,0,0,25],[0,-225,-1035,-1620,270],[-33600,-135510,-226691,-189068,-43856],[-2825280,-9440955,-12629223,-8252064,-2018124],[-101358144,-304636250,-357072757,-199900036,-44621090],[-2106679104,-5880331251,-6264684027,-3123690552,-626343696],[-28663306560,-75603980898,-74692121733,-33896196180,-6129756792],[-271245635712,-683420563413,-634080609729,-265547915136,-43639108452],[-1840113650880,-4461216958062,-3921086342187,-1530136525212,-230254819911],[-9045241239168,-21213011004588,-17774917904034,-6510042733140,-903194487630],[-32033917853568,-72964078471008,-58572260919000,-20247346799424,-2605547351304],[-79789043934720,-177073824356352,-136721554953120,-44814450401856,-5377675870368],[-132721889485824,-287761843600128,-214425164248704,-66908062858752,-7522852724352],[-132374523248640,-281051384463360,-202709913845760,-60427179048960,-6394126417920],[-59853452083200,-124694691840000,-87286284288000,-24938938368000,-2493893836800]]] [-17,10] [[[-1,36,1059,7974,18792]],[[25,1170,24739,310860,2567851,14555106,57274161,154343592,272357136,283944960,132710400]],[[1]]]
4.14.3 [[[0,0,0,0,16],[0,-128,-596,-936,-216],[-25600,-113504,-193959,-143570,-39143],[-2000832,-6692064,-8586066,-4733580,-977828],[-53930896,-154949112,-164405289,-71055186,-10882749],[-733944544,-1870719952,-1674233986,-552950396,-55336964],[-5555671664,-12514269480,-9093386520,-1840947936,1671628],[-21806812256,-40138786064,-17231808224,4041148512,1627857600],[-17547325952,16498262080,84668913408,62907153280,8713678144],[205354505984,590464343040,593421729792,227646793728,13927409152],[735776378880,1585604425728,1056957339648,161146810368,-49491827712],[-90540109824,-1101631762432,-2065966882816,-1362819719168,-307944488960],[-5602460467200,-13905394089984,-12466407800832,-4869785419776,-706311241728],[-12416385024000,-27580972400640,-21248651427840,-6886997360640,-802933309440],[-9020060467200,-18791792640000,-13154254848000,-3758358528000,-375835852800]]] [-9,4] [[[-1,36,1801,14748,44192,45312]],[[16,168,-151,-5988,-9644,53280,129600]],[[1]]]
4.14.4 [[[0,0,0,0,729],[0,-10935,-51030,-80190,-9477],[-2122848,-8730504,-14644017,-11733120,-3251043],[-229040136,-761874012,-1000145475,-610919982,-145717731],[-10154502576,-29838294432,-33559038410,-17076321436,-3408842978],[-251605244736,-675911472792,-675627867372,-297573337320,-50415346404],[-3917238396768,-9798487743600,-8880683375416,-3458231468112,-505234553704],[-40316153504256,-94945861781952,-78978329685408,-27542862515520,-3513338623008],[-277974242907776,-620569376095360,-477172222938560,-150075688072320,-16839810938304],[-1258186943869440,-2671767533018880,-1903596853875840,-540131627746560,-53284587704960],[-3478774169556480,-7014777892505600,-4601619275072000,-1160808918566400,-98425168350720],[-4715395797248000,-8840346191718400,-5096071950713600,-1033177318080000,-62055761836800],[-14345220556800,941710463232000,1628413979584000,767730370176000,95372074380800],[4800293815296000,9498788190976000,6080417952896000,1498298498816000,116374921600000],[-1769204054016000,-3685841779200000,-2580089245440000,-737168355840000,-73716835584000]]] [-74,27] [[[-1,62,2440,28752,141680,253920]],[[729,20412,206604,842400,696880,-2171200,846400]],[[1]]]
4.14.5 [[[0,0,0,0,1225],[0,-12250,-56385,-88270,-7280],[-2038400,-8373750,-13787199,-10743882,-2895864],[-170041830,-561181425,-723680933,-431892504,-100271073],[-5684071466,-16539531755,-18290497093,-9127622236,-1779494918],[-104851723790,-279000299901,-274771737213,-119162684736,-19827182682],[-1206564891326,-2993600486151,-2681116117542,-1032818408748,-149204258817],[-9142529120612,-21402250647384,-17659178255613,-6126161719824,-778822250193],[-46367068712696,-103186060627602,-79078287326181,-24913922595768,-2812797944541],[-154899485916500,-329142277602666,-235248738030516,-67530420419382,-6793613132356],[-320443815723404,-650564904626120,-432872666762301,-112554410392382,-10000008656989],[-344140376300064,-660938941326696,-400496483296644,-90313112674596,-6615194404584],[-67506727348280,-97419750223980,-24293636219800,7468994784240,1849608128340],[127133021774400,253859105507600,165233169796600,41970735883600,3463649820200],[-23130652572000,-48188859525000,-33732201667500,-9637771905000,-963777190500]]] [-16,7] [[[-1,41,1449,13908,53591,72549]],[[1225,24570,179481,541588,417564,-524208,106276]],[[1]]]
4.14.6 [[[0,0,0,0,676],[0,-13520,-62998,-98956,9724],[-2725632,-10897224,-18786327,-17078826,-4134495],[-377515944,-1274164164,-1757863065,-1243996110,-328904010],[-23420570868,-71820651582,-87242036031,-52516134270,-12870516492],[-865242433512,-2474391797928,-2738599617177,-1459297600722,-321871652262],[-21276263448558,-57540690497187,-59048346552588,-28469236101030,-5633066295540],[-367771358848842,-949037543735301,-912777785669718,-403650318020634,-71924199460803],[-4590357650885862,-11373578939924847,-10328919760110600,-4228648966685790,-682473294698607],[-41739950181192462,-99763555472139537,-86020156844150229,-32824558953390618,-4827699732502584],[-274692786598526256,-635635611053864982,-522604234186515855,-186850747612783440,-25189804469588247],[-1276960531215837960,-2869058666447245278,-2257075925391376053,-759315549585916656,-94337759425947921],[-3982642230087120312,-8709047365537380546,-6574565273890432959,-2088469202558584068,-240309064118411343],[-7486000097075308512,-15964563883884567120,-11593089113471672400,-3487897055425719600,-373371728763305808],[-6415741284872550912,-13366127676817814400,-9356289373772470080,-2673225535363562880,-267322553536356288]]] [-41,13] [[[-1,71,3291,47223,290250,661527]],[[676,39468,958437,12386142,89806401,346238064,554319936]],[[1]]]
4.14.7 [[[0,0,0,0,1],[-80,-384,-784,-800,-560],[116224,378880,525824,369664,130560],[-44154880,-118669312,-130973696,-70418432,-16924672],[7572291584,17667981312,16244539392,7198474240,1415053312],[-650721099776,-1352562376704,-1072835854336,-448253657088,-90714406912],[23320598675456,46090904666112,36831492046848,21291226628096,5412195663872],[325833398943744,17952963297280,-880502655418368,-1093773551468544,-302073639862272],[-48175101971005440,-24393215218024448,56059699853787136,54202624714473472,13754340707663872],[701418049776910336,-1331323863283269632,-3330851729091592192,-1813050693737512960,-513023329427259392],[28115409523720585216,87750949889453850624,93614636604290236416,44148787147112972288,18255341089546305536],[-887731544148762689536,-1907400542980971429888,-2160034467677946773504,-1533097370750954766336,-598942721643257004032],[24107012200576866844672,72322765983987510804480,91927043248322336784384,56078101984077036912640,13918068403613856694272],[-1049988672675547677982720,-2599515174867150013726720,-2474077315165925062737920,-1074338374852844286115840,-180040222159405223772160],[15111572745182864683827200,30223145490365729367654400,22667359117774297025740800,7555786372591432341913600,944473296573929042739200]]] [19,2] [[[1,-240,13824,-294912,2097152]],[[1,-64,-1024,-262144,11534336,335544320,26843545600]],[[1,-256,24576,-1048576,16777216]]]
4.14.8 [[[0,0,0,0,25],[-900,-4500,-9460,-9920,-4880],[589360,1882560,2483904,1533952,386304],[-86156800,-213212160,-208503808,-92610560,-17022976],[4830281728,9927114752,7766360064,2965504000,531300352],[-109175111680,-198251642880,-142011269120,-68281171968,-15289286656],[344805343232,1170026266624,1859989274624,1703860502528,419749167104],[21403969519616,-2532420091904,-48988396978176,-41337986482176,-9439801245696],[-168637595910144,605779367297024,1247258502758400,704202837852160,173190261243904],[-3353510464716800,-15158417056333824,-18365142718742528,-9091861650079744,-2972529685692416],[76086204642099200,208379443696107520,235383449274286080,138309766681198592,47481310133878784],[-1311110441518235648,-3497608060606611456,-3939523774042341376,-2232659515268923392,-581527301884215296],[20878687872489619456,51593237331156402176,50710531804191784960,23742977235497254912,4593671619917905920],[-180432215470971551744,-398910840593969053696,-339535383106716434432,-132585973029787402240,-20176126330619822080],[590295810358705651712,1180591620717411303424,885443715538058477568,295147905179352825856,36893488147419103232]]] [26,5] [[[1,-144,6912,-122880,524288]],[[25,320,11264,-262144,-1048576,-67108864,1073741824]],[[1,-64,1536,-16384,65536]]]
4.14.10 [[[0,0,0,0,1],[16,70,118,96,144],[3968,13064,18292,13008,9108],[384352,1051584,1238000,762144,334512],[20030464,47545600,48121088,25534976,7957888],[640318976,1346663424,1191714816,546017280,129690624],[13412447232,25299763200,19808776192,7882752000,1494462464],[190799466496,325567234048,227550035968,79250423808,12387532800],[1877723480064,2918001410048,1833709076480,563327008768,74335780864],[12850565480448,18291291586560,10397339877376,2838151299072,321845723136],[60646329679872,79470283194368,41080682708992,10030761902080,991013371904],[192324546068480,233163624284160,110170390659072,24213146566656,2107084111872],[388342050979840,437965868236800,190187325882368,37855841746944,2928093954048],[446692704911360,471936375193600,189595962572800,34402688040960,2383706849280],[219902325555200,219902325555200,82463372083200,13743895347200,858993459200]]] [31,32] [[[1,4]],[[1,116,5572,143808,2176000,19976192,112955392,391839744,807141376,901775360,419430400]],[[1]]]
4.14.11 [[[0,0,0,0,25],[-1900,-7100,-9660,-5120,-2080],[-125840,-201600,-45056,74752,-6656],[44938240,72683520,49698816,18235392,3325952],[-67022848,-451641344,-433127424,-149159936,-4194304],[-98594717696,-134513164288,-74158702592,-20107493376,-2296381440],[13281263616,113095213056,53754200064,-5637144576,-5586812928],[84533546319872,98266704248832,44305003577344,9259949490176,764504178688],[735959289167872,794367086297088,336923004502016,67345087201280,5484673236992],[-21444720169320448,-21696886289203200,-8333353245736960,-1453004616105984,-98268851732480],[-361251211095048192,-337542922901651456,-118751653846319104,-18792852741947392,-1143492092887040],[-804829317392498688,-493865438824890368,-72031205758861312,6122080743456768,1477743627730944],[11381950856690663424,11818149109661958144,4544976448946962432,766737836559826944,47850746040811520],[29443408463841460224,24971334033862557696,7427561685440790528,864691128455135232,27021597764222976],[-166020696663385964544,-166020696663385964544,-62257761248769736704,-10376293541461622784,-648518346341351424]]] [-16,5] [[[-1,16]],[[25,-2880,85504,794624,-51576832,-134217728,10821304320,47781511168,-523986010112,-1649267441664,9895604649984]],[[1]]]
4.15.1 [[[0,0,0,0,1],[112,384,-384,-1536,3840],[-143360,491520,3883008,-786432,3735552],[10485760,-327155712,-1744830464,2415919104,-503316480],[-692026605568,-2141041197056,-2595233988608,-2834678415360,-1108101562368],[-422556062449664,-1432113895178240,-1825739057922048,-721279627821056,63771674411008],[265167020247482368,947022559143002112,1436014962433589248,834291830970384384,96264442035044352],[166759287002274725888,408242299021880721408,245932568451448045568,-32570032505143427072,-13258597302978740224],[-81290189446819566583808,-230501290573037702217728,-229915606448697423953920,-52462540145629964795904,1051464412201444442112],[-2927867219379180032491520,4037623342853546657710080,24476025480713371142586368,11588687348962109354409984,524182679598530618720256],[5218932763276354147206561792,10655472174083341545860235264,4205852926439294898802786304,-1924609904826489646132232192,-385647336457066706731270144],[-929692969503320586449242292224,-2282761432442241226913985069056,-1655744802544196117677578649600,-63134942003554394019855335424,38995111237489478659322413056],[136589352174591718011269770379264,405014366772919293778196674117632,403429803522634007026325795110912,129300361223279398952663726948352,3169126500570573503741758013440],[-19146594665847176880206205213999104,-56790746890224677187052303600844800,-58088821104858384094184927683149824,-22067261648773017421254609399185408,-1298074214633706907132624082305024],[1827688494204259325242734707885473792,5483065482612777975728204123656421376,5898449231295564186010643829994029056,2658455991569831745807614120560689152,415383748682786210282439706337607680],[-170141183460469231731687303715884105728,-510423550381407695195061911147652317184,-552958846246525003127983737076623343616,-255211775190703847597530955573826158592,-42535295865117307932921825928971026432]]] [48,1] [[[-1,256,327680,-134217728,-12884901888,14293651161088,-2533274790395904,144115188075855872]],[[1,4096,5111808,2013265920,519691042816,131941395333120,20266198323167232,2305843009213693952,295147905179352825856]],[[1]]]
4.15.2 [[[0,0,0,0,1],[12,54,94,80,146],[2456,9092,14064,10896,9396],[210848,676592,920344,642432,352728],[9914944,28603392,34693728,21707072,8626912],[286847488,760763904,836176384,469761024,145606400],[5430845440,13443704832,13582102528,6899736576,1753843712],[69713803264,163008135168,153273556992,71104528384,15376457728],[619062042624,1381508808704,1222573686784,523627331584,99110846464],[3835533262848,8246965305344,6940439085056,2775432822784,470517284864],[16544582598656,34586228686848,27958274162688,10557532930048,1634704818176],[49013967552512,100486178930688,78794027171840,28418456420352,4089110855680],[96980135051264,196496062414848,150874785579008,52568789090304,7142262177792],[121818627178496,245231895183360,185897458860032,63264868270080,8239894757376],[87756919275520,175803748843520,132317204971520,44409961840640,5626407157760],[27487790694400,54975581388800,41231686041600,13743895347200,1717986918400]]] [31,32] [[[1,4]],[[1,118,5804,154952,2463616,24328192,152907776,617750528,1590820864,2516058112,2222981120,838860800]],[[1]]]
4.15.3 [[[0,0,0,0,27],[-540,-2628,-5508,-5760,432],[112464,295872,306240,-33792,-129024],[-1102080,1005568,6772736,17825792,335872],[-7311360,-65896448,-67010560,-67633152,209977344],[-8728018944,-20230963200,-20752105472,-14659092480,-3407872000],[50988056576,32568770560,-66441969664,-76369887232,-88264933376],[11803408990208,25540291461120,22371679338496,10383083438080,1950720458752],[-88707717660672,-124506806943744,-43752831844352,14018773254144,16522739187712],[-5853482078699520,-11378553778077696,-8578509978992640,-3110518394978304,-428603376402432],[44573995231608832,58566861243023360,20472631631282176,-2308974418329600,-2196824232296448],[1060244769013235712,1993713648320643072,1383827742532829184,419679190275588096,43980465111040000],[-3489322140979691520,-2883851873889026048,790803947068588032,1173187702930014208,250512729272483840],[-76746685674950754304,-137928368087755653120,-86645879130887815168,-21527206218830970880,-1639310264362860544],[-332635868477584834560,-640682082989726760960,-454233058416588226560,-138350580552821637120,-14771806777775226880],[-461168601842738790400,-922337203685477580800,-691752902764108185600,-230584300921369395200,-28823037615171174400]]] [40,9] [[[1,16]],[[27,1296,-87552,-2686976,115146752,1078984704,-37463523328,-367488139264,3470333575168,60060822667264,280375465082880,439804651110400]],[[1]]]
4.15.4 [[[0,0,0,0,25],[-300,-1100,-1660,-1120,-10480],[158320,680960,969344,632832,1964544],[-37018880,-144348160,-209849344,-139444224,-217964544],[5061877760,17656250368,25085739008,16775118848,15973089280],[-450117763072,-1433513492480,-1922996109312,-1260052807680,-817352409088],[27403069947904,81033617735680,101136447045632,63277149192192,30113106231296],[-1172226564947968,-3250626939060224,-3763978341711872,-2205773333528576,-811916054233088],[35629414452559872,93195756621529088,100329190494044160,54428574353981440,16123384538595328],[-769799426687369216,-1907350033615814656,-1916083179597332480,-957108379304591360,-235396918291726336],[11710476134977110016,27594548875410538496,25978776955975106560,11941558294763536384,2501498904353177600],[-122831035499414552576,-276522424495432007680,-245184900544560365568,-104031884754863259648,-18970780111600615424],[856593656325123080192,1852920498288670539776,1556901146581421522944,613444312443390001152,99284105585196269568],[-3736042135678487625728,-7821275372064774029312,-6275928210327371513856,-2315642842002852151296,-338526576790185443328],[9112691572412518498304,18603541398336082804736,14379237005456595484672,5017514388048998039552,673306158690398633984],[-9444732965739290427392,-18889465931478580854784,-14167099448608935641088,-4722366482869645213696,-590295810358705651712]]] [-16,5] [[[-1,32]],[[-25,8480,-1228544,99426304,-4942004224,156577562624,-3188744781824,41332617773056,-332756886224896,1595391371902976,-4151755906482176,4503599627370496]],[[1]]]
4.16.1 [[[0,0,0,0,1],[54,162,108,-108,-1080],[-24864,-170380,-280716,-57016,607796],[-13611240,64618776,206143920,94404096,-231759792],[11596005984,-8122273840,-72099465040,-48564192768,65227123968],[-3282545328192,-1687316230656,13999572187200,15195333003264,-14066373012480],[458342842795776,843457210205952,-1528486967623936,-3290695102746624,2359816716720128],[-27899909581049856,-158500070146934784,74461221541942272,509776698302005248,-307095565445406720],[-803082528013074432,17467780737296838656,2252759436976885760,-56950223173721391104,30422938491488960512],[266244995514218692608,-1211755384935017938944,-508085941259030446080,4610937478802466668544,-2214843187307211915264],[-19224668449399085531136,53196928087690737156096,21013167072375093657600,-273629387456451706355712,111058393005347629694976],[727482384391255017652224,-1574875925775946403020800,434303782324614709641216,12147398436951383819157504,-3268770702689219367665664],[-21912310182848197400985600,45502562207831923164708864,-47495566182530791099072512,-403354081997251933655531520,19397619377463692818907136],[514185729032199203129917440,-1904418975224600987713929216,-1078411184992932449715486720,8651143024324447900614524928,2180210994862646014186094592],[0,87164546570389144697925795840,189490451706270528237742325760,-30207202355657412694643834880,-61752069509801841785202278400],[0,-2800270564307454065138624102400,-6480369143277642881008297574400,-3741410528765403991820048793600,-61311949795215175950375321600],[0,32892924653280786633046622208000,82232311633201966582616555520000,65785849306561573266093244416000,16446462326640393316523311104000]]] [37,2] [[[1,-324,35632,-1397952,-11012096,1995522048,26329743360]],[[1,-756,327220,-97404768,20962636480,-3356634912768,394244814670848,-32157570782453760,1680340140881362944,-49669439015438254080,624634357493425766400]],[[1]]]
4.16.2 [[[0,0,0,0,16],[-24,-96,-192,-192,1200],[-8820,-21168,-18216,-11520,33408],[-577260,-1564272,-1523880,-653184,383616],[-13090167,-44956944,-49492296,-23359104,-132192],[87846687,-374542704,-674371656,-383139072,-53304480],[9059826834,8227284048,-133616952,-2322069120,-577507968],[149526594054,218324360880,104714452296,12253638528,-1840859136],[667643482449,1773711972432,1245068950248,300222122112,15831745488],[-7814674626849,1285194399120,5892707090088,2251575216576,225220444272],[-131687572289400,-86351169627360,-2398439999808,7621663227264,1209814807680],[-932204178365184,-807312516277248,-207755949529152,-7723767923712,2410922486016],[-4062191642475840,-3925398116855808,-1349474985575424,-193819066610688,-8624955810816],[-11692478465061696,-11873434482690048,-4675218274368000,-900639337955328,-77271963558912],[-2894458765049856,-2128791904229376,-1555136836485120,-844217139806208,-158687432294400],[44223807068964864,50643507142434816,19666133484244992,2742118830047232,57127475625984],[308616905200472064,352705034514825216,151159300506353664,28792247715495936,2056589122535424]]] [26,27] [[[1,9,-81,-2025,0,58320,419904]],[[1,66,1575,17172,98415,304722,-360855,-7400808,-18895680,-34012224,306110016]],[[1]]]
4.16.3 [[[0,0,0,0,1],[-312,-1108,-1380,-544,16],[-340608,-798080,-702464,-222208,-25600],[-36016128,-93548544,-83443712,-16834560,-7180288],[8635613184,6569656320,2766667776,3910926336,-461635584],[1274019840000,1552029843456,1558315008000,1278700683264,74327261184],[-72280071733248,-54175173967872,115345037721600,165426436767744,21483560632320],[-29318193013063680,-42512793181618176,-12224328401682432,9221060708794368,2303656175075328],[-4622103341344751616,-8108285277115514880,-4381161448475197440,-462947309290782720,93274114004877312],[-452955707380089225216,-852975847454344740864,-540429982760599289856,-129042167888628154368,-6247055633116299264],[-16568029419661349093376,-44702094752994595700736,-35572820926754099036160,-11264946071734182739968,-1128847512798737989632],[1762908794303572321763328,667189919115658565517312,-640964323578374069944320,-408840881455553788772352,-60015509066294514155520],[337011010815891134314708992,346494932087975169736310784,120664739884340255460950016,13948602376741864429584384,-85728937239555927441408],[26821316676884624270476443648,30142132961310707277241516032,12525138931301633208952553472,2250172801634574780692692992,143298440035248307892649984],[1150976943293926172461545553920,1300979426564337043082903027712,550436418691071094890134765568,103112909932390566198213869568,7188159586632996201317793792],[23084774512471867300532094763008,26225380582900604485663029460992,11157015148742221552197121867776,2105882891311515025048137105408,148720543171717162785885388800],[171397451594540595767477192884224,195882801822332109448545363296256,83949772209570904049376584269824,15990432801823029342738397003776,1142173771558787810195599785984]]] [-22,3] [[[1,80,0,-921600,-21233664,1358954496,86973087744]],[[1,-64,-20480,-4620288,-129761280,63115886592,11741366845440,1180050854510592,62342309294899200,1504765225495166976,13132496513412366336]],[[1]]]
4.16.4 [[[0,0,0,0,16],[-6360,-23056,-30944,-15776,8960],[-8805348,-25567488,-28240056,-11623392,-305424],[-4874193144,-12410000280,-11282878800,-2976279552,-973804032],[-526602702087,-1660190978520,-1258020521712,84214266624,-143287831008],[280554134336100,388762360518888,337023581841648,228921824548800,19725933504384],[66971681869426713,103432471468853832,86068753155824544,44887145330866752,6838572907448928],[-6079567741936803000,-8910075775509679176,-2618832549311169840,1324358596316180736,481148576216993664],[-3177672826801868721117,-4672350345254744470536,-2522558678601676401936,-544175940089558721024,-28897372256798271024],[-265449351108316426614468,-428521270878109950201720,-260225892263510653105872,-68832080396829334379808,-6193676698345953756288],[11968282939621257650118879,5047508682799397071655832,-3443189923464055189406568,-2259156377940773108061024,-314760976634283795182160],[3416284115461498258517414760,3529569325061229405028647552,1264317871319973848696618304,165842266644603839529063936,3688591272265824286483584],[266743992078436388953904005392,297713516174054019714901595904,122047226661033130012330315392,21338269177001331268006290432,1285346518770378115370439936],[11874401320111012752678830749824,13646281925802748443812761370112,5839090818480154782821171220480,1095299697484567565125996308480,75023345234592059907973773312],[332639652174880129826135139831744,385471517398345074569034442056192,167385396008321407868268500891136,32235669325885484551797629024256,2316713599989079037188616236032],[5599077217550702932702446373022208,6483771968293914644036817635401728,2821257768144934940805822676193280,546864317067181985993260351586304,39855674675918315471634247458816],[46321741832553405844057171793055744,52939133522918178107493910620635136,22688200081250647760354533123129344,4321561920238218621019911071072256,308682994302729901501422219362304]]] [-5,1] [[[1,182,-5508,-2926206,-6908733,8609344200,223154201664]],[[1,378,-82377,-40861908,-859340097,917153437626,132138668444697,8902178989881120,349557388711804080,7827157277710176384,86454509931071493696]],[[1]]]
4.16.5 [[[0,0,0,0,9],[6,57,162,210,753],[-6024,-13690,-9925,2428,28363],[-487952,-1256688,-1168896,-356784,595184],[-11159456,-36640432,-38718528,-17187808,6607696],[-20928640,-471216448,-685948800,-380433280,12287552],[3778559232,-231727104,-6167185344,-4635669504,-679455040],[95600471040,103935446016,10177251328,-25009650688,-8663699456],[1150557124608,1864513024000,967451748352,126547877888,-26193178624],[4960543997952,14346313777152,11065770672128,3178632314880,282607747072],[-52913409048576,8472929107968,44679330791424,19355098152960,2602827251712],[-938810455621632,-754574328594432,-152124392472576,11651348692992,4865107427328],[-5631961067421696,-5564067729113088,-2025541003640832,-334061818085376,-22900195196928],[-12238869214789632,-12862456590237696,-5344531272695808,-1103669156118528,-100850127077376],[12566833857036288,13600721001775104,4788680229126144,493079425449984,-20496657678336],[74632824216354816,83618361803538432,34496309738078208,6140995779428352,389639433093120],[67658452310163456,77323945497329664,33138833784569856,6312158816108544,450868486864896]]] [19,27] [[[1,25,-13,-3568,-4352,93184,331776]],[[9,528,15280,252160,2425408,10908672,-6623232,-204079104,-266600448,792723456,1358954496]],[[1]]]
4.16.6 [[[0,0,0,0,16],[-7656,-32992,-65072,-64160,21056],[27772956,50760432,28763640,-48371040,-6435072],[-7510534164,6819083496,19283927904,30980307168,-6079416768],[-5293515098007,-13621554172584,-7293943639224,2215225596960,4538519366976],[-3142659270860496,-7497751669925904,-8029523948987664,-4533137259423264,-1214936062259904],[1008546932333923902,1939729391467077312,1578953535841306296,613107850379100192,84727584006368256],[382499529047663945580,589857666082914713688,368632192794839889984,114790649314896254304,15594505882061375808],[-95237815339298212788537,-136872554706009012658104,-75637902959066696060088,-19079749421485953323616,-1850761321937938545696],[-3957583908459052631820744,-5182923874991637208302144,-2640274697501901771076944,-618198309960270608975328,-55694134681317325825344],[1079667622400708777965876656,1247210116482879199006926768,535757578689032078280970536,101231576563182514386616800,7082580678301014531727104],[8644346061843353851562814756,9603029544399488453847707160,3962993367137387144237156448,716391372564696700497447072,47614485132554559875040960],[72194172144544223098065980775,103140031210611479497526207976,53140388037910089098458789656,11729940892123750313981624928,933336001863259282707476544],[430781523794099104520766572352,561251520199578255849330252336,268564467287690259328805488272,55819430287283284351129611936,4223643008629421233377293760],[1927301961064981285031693896854,2638896006760468639347441477024,1381634560534508743343275881000,326792269049688218248848599904,29364261157002923310979358208],[6779096339814410158705685902020,8751768017905541143642481995176,4257491144414581010291606613504,924813417296349109315965247776,75672191086622797677094406592],[11309019002088233848646770457289,12924593145243695827024880522616,5539111347961583925867805938264,1055068828183158843022439226336,75362059155939917358745659024]]] [21,1] [[[1,-574,183303,-23593356,930553191,3185457354,3486784401]],[[1,1890,499365,-416177352,-3102552558,8591953324716,506232280043586,2781366075264888,54103614155982765,122299332464221506,1350851717672992089]],[[1]]]
4.16.7 [[[0,0,0,0,144],[-984,-6432,-16848,-20832,-11712],[143484,738416,1361336,1056928,368128],[3180148,8438040,7211616,-3362784,-4288960],[-56644559,-178119592,-117110904,109952288,76769344],[-68489992,157065680,396092688,331714592,-317229760],[-6221442,-1351802880,-3564070920,-1120034784,3822182144],[571056300,5759339496,10609500544,7060411808,2434525504],[-8617369041,-31220323448,-40121480696,-24186241888,-6553002016],[-72342731880,-128046081600,-88771349680,-29692811808,-4472460608],[-253007280,25832688048,31797974376,13312937952,1968270336],[118960109676,170249672808,93574608096,23475734112,2286116544],[82169620479,100519810920,46186154712,9346752864,691742016],[25132374792,25345405584,9294400368,1433236320,75054528],[1310711382,824605920,63681768,-41719968,-6435072],[-422922060,-449264232,-174654144,-29074464,-1705536],[15752961,18003384,7715736,1469664,104976]]] [-7,27] [[[1,-74,1751,3596,2263,574,81]],[[9,-66,2365,-9848,145186,-199596,-5838,63432,6165,-1890,81]],[[1]]]
4.16.8 [[[0,0,0,0,16],[-168,-864,-1968,-2208,192],[34524,108144,151416,42912,-39168],[-1579284,-3433752,-2779488,3646944,492480],[14996745,7062552,-23508792,-130426848,24307776],[-236645064,-311347152,-240663312,535400928,-986541120],[32359748670,65652830208,59115572280,29673985824,14936265216],[-471515319180,-576155999592,-289192923648,-105788304288,-36557262144],[-17653978791369,-36929610703800,-30047947654968,-11696235073632,-2005574248224],[470908088709768,740316291820992,482692529290032,159308648559648,23445884455488],[-976979885263056,-442615942756944,124485305293224,44275055463648,-9809261450496],[-61221106814213772,-86034135824598888,-46805494711011552,-11523361405357152,-1067656329895104],[539305645683425319,640359667739873448,293120286869543832,61775809329031776,5084814597367104],[-1007093648602277208,-1165685297809966992,-507116616727364208,-98481744193246560,-7223438143090368],[142337384968860630,178480503327024864,83261451603344040,17142346245614688,1315915532301312],[-6658321650736788,-8458074234294552,-4046901447176640,-863941491742176,-69400956717504],[75345924121209,86109627567096,36904126100184,7029357352416,502096953744]]] [91,27] [[[1,-54,1431,-23004,209223,-768366,6561]],[[1,66,-315,-57672,164754,9479916,-406782,-258713352,557717805,-100973790,4782969]],[[1]]]
4.16.9 [[[0,0,0,0,16],[-744,-6496,-21936,-30880,-19904],[257820,123760,-34568,3305120,3396608],[-21745332,-87034776,-92481056,-61477152,-167804608],[663288489,2773810776,3806874312,1967730720,1063108416],[715038192,-2302901136,-8059107600,-6442534944,-2008983744],[-21561320178,-33791995584,-17974622664,-3075491808,-166120704],[73277591868,122680652760,81271791936,25748168544,3573523008],[-76780667961,-120062232504,-74961847224,-22471610976,-2751130656],[-36392385672,-47284502976,-23029314768,-5012510688,-451324224],[166204640016,202134075696,93928246056,19937080800,1659585024],[-173093197212,-190241082216,-78373145376,-14346976608,-986541120],[80478286695,79113115368,28193351832,4236621408,218769984],[-8591655744,-5312590416,-394884720,263069856,39890880],[-4524636186,-5352726240,-2316767832,-431031456,-28553472],[670717908,663710760,231787008,32122656,1259712],[141776649,162030456,69441624,13226976,944784]]] [-35,3] [[[1,-1054,2583,-2556,1431,-486,81]],[[1,-190,9445,-39432,-558,117036,18306,-57672,-2835,5346,729]],[[1]]]
4.16.10 [[[0,0,0,0,16],[-984,-8848,-30816,-43936,-16640],[749340,2648192,2818376,-4347872,-4154384],[26098920,118684008,171355056,86765568,-218845952],[1168690425,4302182312,5668764816,2884561664,1677501472],[-1465868988,-8157504280,-16090478224,-11679149120,-3396661376],[-27809171991,-41769507384,-20489556960,-2676639168,-74922912],[128793001176,211705443768,137972334672,43169362176,5858841984],[-165311139357,-249215560584,-148687533456,-42228079104,-4876356144],[-69309874692,-86455146744,-40530860496,-8488327968,-715591808],[343834041327,412402739864,188061957144,38888851616,3117930160],[-279112166568,-308098858624,-127402353472,-23390426624,-1612290176],[89905337712,85900421376,29310179712,4096084992,183452416],[-2410962816,1957150208,2805878784,886630400,85030912],[-4272644160,-4954816000,-2096384512,-378865664,-24040448],[315090432,277585920,76787712,5013504,-466944],[88510464,101154816,43352064,8257536,589824]]] [-29,3] [[[1,-1258,3212,-3406,1907,-520,64]],[[1,218,11383,-54868,-1697,165146,47257,-63520,-6320,4224,576]],[[1]]]
4.16.11 [[[0,0,0,0,9],[-102,-537,-1242,-1410,-57],[24216,78614,112043,41308,-23477],[-1119536,-2475504,-1984128,2373456,664304],[13328032,12612656,-13435008,-95484448,11465776],[-262372224,-313601216,-153100928,409182080,-806145088],[18833233664,38362742784,35587527744,19048682496,12471720640],[-213322759168,-257242207232,-127981271040,-48958635008,-22898937856],[-9141315692544,-19458648379392,-16308449138688,-6666472169472,-1248347172864],[217684213039104,353112553930752,236173143343104,79573863628800,11998908383232],[-476695495655424,-264440730746880,34542719336448,26668538265600,-1227536990208],[-23460700680093696,-33789645830488064,-18758241301299200,-4702091364794368,-445207199875072],[192526842202161152,227607086572240896,103470570443636736,21601146837663744,1758987783503872],[-292350035834699776,-332523699766820864,-141137162576855040,-26429222989856768,-1835812903714816],[-27581505739948032,-35944320917831680,-17238669433765888,-3611363121299456,-278795990859776],[-515823424765952,-776302453850112,-425485230145536,-101481487269888,-8933531975680],[10312216477696,11785390260224,5050881540096,962072674304,68719476736]]] [89,27] [[[1,-65,1907,-27248,205568,-644096,4096]],[[9,528,-6320,-508160,3024448,84554752,-6950912,-1797914624,2983985152,457179136,16777216]],[[1]]]
4.16.12 [[[0,0,0,0,1],[-408,-1876,-4068,-4384,976],[1964160,4117376,3034112,-2997248,-880640],[20975616,1676685312,2466447360,2253004800,-463474688],[-41469542400,-63208357888,249401966592,321768390656,339499810816],[-139676287500288,-337264056991744,-387933008822272,-231329346093056,-60725254946816],[15770955024433152,35780621393461248,33660681370730496,14424954082689024,2014411468308480],[11191582754561064960,17486994190733672448,10947891255840866304,3362181769611706368,446550076563652608],[-1774899134764865814528,-2565823103148352339968,-1431369914621035020288,-367190823073512161280,-36739980587421401088],[-54195478064814788444160,-69052601832176363765760,-34012894731214572748800,-7685420876421050400768,-673665039285704720384],[13205245849727378009358336,15422218016454097189732352,6735332524905025587118080,1304657501576354292826112,94755445677699270443008],[-77118418072042177856274432,-85757005536923946103865344,-35499810178506135433117696,-6461044673813966646935552,-435046462996094249861120],[-117086930964964692813938688,-303473356007685935585034240,-204966566674142230971678720,-53125972684554910392385536,-4716968504385075956154368],[1795038544830088043091197952,2445439962476599848684486656,1209729618040896994708291584,257948053506357554390761472,19914809754071652571807744],[-1107833530020028320910934016,194020788131940808427307008,1004378876592371927097540608,441862387069146963355107328,56630618862572785402642432],[-14369688970724043420755558400,-19678441144504578219926618112,-10079267905309518915465904128,-2290309965259914971480850432,-194939288412858954421370880],[26123678036052521836225757184,29855632041202882098543722496,12795270874801235185090166784,2437194452343092416207650816,174085318024506601157689344]]] [62,3] [[[1,-880,189440,-17305600,565968896,-1325400064,1073741824]],[[1,1856,563200,-302153728,-1534853120,3861477588992,158027952947200,-711109145264128,-9785653487206400,18577348462903296,162129586585337856]],[[1]]]
4.16.13 [[[0,0,0,0,144],[-1176,-7392,-19008,-23232,-10320],[237228,1051472,1786136,1189120,191872],[-3441292,-9006192,-7586472,4523136,4318336],[57806065,168292976,85472760,-179184256,-65461088],[-96316593,81053072,324401720,328976128,-386398880],[986512370,1677188304,54229512,1245936000,5386223488],[-2724016634,-7756164688,-10296774840,-6351509632,-2450779136],[-23000530311,-60631479600,-64320593496,-34265430912,-8554193328],[103647238959,181368033552,126159389352,43057192896,6654114672],[-12684019464,14494564512,28856188224,13138586496,1921092480],[-177354083424,-261919846144,-147844306240,-37770033152,-3706375424],[157755095360,188313481728,85250273280,17309488128,1326171136],[-35445298496,-36673847296,-13813873152,-2185412608,-115868672],[337234944,-380151808,-483549184,-149307392,-14090240],[297728000,309141504,116428800,18481152,999424],[9834496,11239424,4816896,917504,65536]]] [-2,27] [[[1,-79,2159,-4225,2960,-880,64]],[[9,66,-2225,-10348,147175,230162,-5855,-73768,8800,1856,64]],[[1]]]
4.16.14 [[[0,0,0,0,1],[-336,-1312,-2144,-1664,896],[86016,-243712,-710656,-892928,71680],[-309952512,-646250496,-548274176,-1966080,-64421888],[-95954141184,-245287092224,-194863169536,-28630319104,-3758096384],[-1031194804224,-8883602980864,-7497670721536,-1601485930496,-1613565526016],[7270814843928576,12289052485091328,9061040964763648,3406355742326784,485975549542400],[464652445667033088,685503993354387456,465493091025944576,177962004269498368,30153281758035968],[-224890334821396512768,-319779481324139577344,-173437474338781528064,-42046204255456460800,-3716226156580569088],[-9277105609908840038400,-13117342463616218038272,-7232966212091692187648,-1818364378347856723968,-171109764242314625024],[1316652075823718769623040,1440212646049071348318208,568014701562252859801600,92994072100835973660672,5022990765195880562688],[58471146499522045887381504,64356832397818211078242304,26106687680870175727419392,4567469172882706108776448,285325013960102489620480],[1239814173143036944214654976,1475819068257209964866568192,653456133901513849357467648,126501572751491338573185024,8914057032226814046502912],[19039228700933067348268548096,23179990888955728492268355584,10485438646501137100295897088,2078747946827354865907269632,151040169588102732514852864],[205611081085507093461089648640,248376831954374600516320624640,113119793404250659191844241408,23027619012019456519803240448,1767449548276587853420429312],[1473153482452880985646656651264,1780892803390702529843161989120,812282093902347801001778479104,165729222759330284302120255488,12766256655130484084897218560],[6687661577229445590073793839104,7643041802547937817227192958976,3275589343949116207383082696704,623921779799831658549158608896,44565841414273689896368472064]]] [6,1] [[[1,0,30720,-4915200,121634816,2952790016,17179869184]],[[1,896,40960,-87031808,-734003200,1149440622592,73100343377920,1684451813752832,33425153484390400,297237575406452736,2594073385365405696]],[[1]]]
4.16.15 [[[0,0,0,0,9],[-30,-204,-540,-672,-660],[-948,4160,16376,22720,23392],[355648,923328,813024,-121344,-511744],[-5901680,-18906880,-17023872,-1478656,7731712],[-3441984,117965824,195476992,127213568,-63354880],[41474048,-1148178432,-2230151168,-1288765440,285523968],[-4583426048,492650496,10429472768,8398962688,2489974784],[55110488064,50598313984,-18980175872,-37181980672,-13844021248],[-631747002368,-1148349579264,-775488143360,-232871952384,-28756410368],[521505472512,2270377803776,2200563613696,829419421696,118646374400],[14703563636736,16341998239744,6829945913344,1311776964608,100847845376],[-15375160836096,-11377670356992,-2727438450688,-383728484352,-60129542144],[58767148318720,58031182184448,21555769769984,3686155681792,263872053248],[43279177482240,42338713862144,14610404999168,1988569858048,75161927680],[-49336289329152,-53987738910720,-21792664059904,-3813930958848,-240518168576],[10312216477696,11785390260224,5050881540096,962072674304,68719476736]]] [5,9] [[[1,-44,464,4800,7680,0,16384]],[[9,-264,7600,-98048,1089280,-4384768,-716800,21757952,2621440,-14680064,4194304]],[[1]]]
4.16.16 [[[0,0,0,0,1],[-136,-784,-2144,-2720,-64],[444352,1122816,1019776,-796160,-522752],[50001920,269936640,352088064,228876288,-94035968],[8842547200,29410820096,40418770944,22117744640,15603859456],[-873796206592,-2410739138560,-3307079729152,-2150623084544,-578671345664],[-28622404452352,-30097671192576,255659606016,8752371597312,1532531572736],[6070163413663744,9713455489613824,6178141340958720,1899581893771264,251362424127488],[-172540722870747136,-252569810301353984,-144114936820269056,-38426582771040256,-4091669314011136],[-1174783059942178816,-1443784180314931200,-674882711030071296,-142782442544037888,-11853010225332224],[86238536735953780736,102056704474540408832,45550379149259964416,9120613879146086400,696380087498440704],[-601077203566258552832,-667162729829176967168,-276642209690208436224,-50723162993771675648,-3471466072144609280],[1250914889094150488064,999707497171330793472,236333849533149609984,7419117436139470848,-2143713422628356096],[2147825209088145358848,3559239821507176693760,1983885175452604563456,458403391671533305856,37469948899722526720],[-9964970780294620643328,-10986837535744986185728,-4321906404003860709376,-693626400209094311936,-34731760326281265152],[-1163441913336384454656,-4000061160233455583232,-3071382888272640344064,-892361244565699559424,-89927877359334064128],[24913480793049356304384,28472549477770692919296,12202521204758868393984,2324289753287403503616,166020696663385964544]]] [17,4] [[[1,-864,39168,-761856,6619136,-16777216,16777216]],[[1,800,129280,-12910592,-11665408,10146021376,77275856896,-545460846592,-1438814044160,4535485464576,9895604649984]],[[1]]]
4.16.17 [[[0,0,0,0,9],[-78,-444,-1080,-1272,-312],[16188,59456,90680,46048,-7712],[-541888,-1311264,-1070208,940416,532480],[6587152,13033088,791424,-34043392,-1949696],[-61466240,-35677184,46464000,123553792,-202065920],[1812102144,3883892736,3605596160,2342117376,2594217984],[-10906877952,-15719243776,-11173085184,-5521702912,-2825977856],[-311595962368,-698533904384,-631309697024,-287731744768,-62433918976],[3936328810496,6672417030144,4597333622784,1581535199232,245471117312],[-4089446137856,-1683325190144,1312301776896,793941901312,95783223296],[-110307359850496,-163782225559552,-93031524990976,-23803103019008,-2314685382656],[459338362650624,541889371570176,244496927293440,50262089662464,3994588020736],[-335970972991488,-366079054446592,-146845804265472,-25319503298560,-1540685299712],[-37018256015360,-57018912079872,-30453599830016,-6839198547968,-548145201152],[5594194903040,5017058672640,1457067655168,122406567936,-4294967296],[644513529856,736586891264,315680096256,60129542144,4294967296]]] [55,36] [[[1,-64,1616,-11904,39168,-55296,4096]],[[9,264,-5360,-130048,1179136,9908224,-729088,-51642368,33095680,13107200,1048576]],[[1]]]
4.18.1 [[[0,0,0,0,150094635296999121],[2935183979141316144,12007570823759929680,13875415174122585408,3735688700725311456,-88856024095823479632],[-2750415630070521374208,-13897236339866504687616,-23655092412745191246336,-14206527645628143172608,18682712862141671921664],[-253493214543061665030144,592081807181753513263104,3715894478821605122801664,3874858825027046998376448,-1650312627798092300697600],[84906227780053150849892352,193881422796646166230597632,-61521506334089900481576960,-341941959382493977783566336,43721280676332578450571264],[-1918070748189108296437727232,-11607428460998227219810615296,-13620990634068405658727743488,7688388317363495905152466944,1564863632780443538316853248],[-169353522868047680731600650240,-214138167855300331825180704768,344080391079490539698239045632,246340743635243047401207889920,-73807040874392904094250434560],[-3981999316775086875379985547264,-2314427778006872690052569235456,6534094870561882012815514927104,-7257361221952407400220813426688,-840774324978285230891175247872],[-44014918816406498678975697518592,-34772135516821418809362405654528,-2399458557845735567605175943168,-93710468503996994575755462574080,36915803820764999232620184207360],[-101129992812764467446572176637952,798162915552816436193226337026048,1251603151872380401362142727503872,1077486960332400522237590334603264,511083033616840801806606749663232],[21307786685658368910668943612444672,39032132487496125374024877745373184,23068285979291205100516850131795968,8707450744099493701317543591936000,-3011718131740317274804202615341056],[175980214676628210851743556475813888,16072138734518360555394459381006336,-325334840134156895587110386141233152,-264223760853330601846088710653739008,-102593227009666226860702832233807872],[-11093987962383930922562678691635134464,-20991236583150842767208225604731142144,-14929246577905874959867542013143416832,-5002144057681265360278056252381069312,-816722076398185092157038178949136384],[-29394238231592630333227085332966539264,-19023242913260823662676531948457820160,11163521608837411340727833097752543232,11495896672707452520190817684397490176,2253248173711081279653694323944325120],[1658792401714081444157023519751899447296,3085224703773976431529325826996002881536,2163775138360347349533313503441218174976,680411873059169655558905312420315529216,81279532420606018543138709798016516096],[18171165354005172279573595174807441244160,29632118484365126113699142560296757886976,18191028809782468357657279182755604725760,5001938832967131661234482149813605367808,521529189958266237941964400829531160576],[78322606142171589107420028588846061977600,116816897864758623331427842735243631001600,64737032738854299022009892755443359416320,15863467294687241000746798529801040691200,1454424811839149342085654631142255493120],[152473326377880509768683159994307811737600,210167914123202136288551726808775104921600,105915014373356073872329902658496652902400,23223734220931865255041162138699274649600,1874519883909649334964373756178123980800],[109753280365308415316271525826689761280000,140850043135479132989215124810918526976000,64937357549474145728793986114124775424000,12804549375952648453565011346447138816000,914610669710903460968929381889081344000]]] [-25,4] [[[-59049,15536448,-265565952,946225152,-16984571904,212835762176]],[[-3486784401,1165360830912,-122784400737792,3088880256172032,156119490879750144,-5314495168785678336,-124435991956021051392,2092378713689576964096,63875811235695238840320,463538613230158793932800,1049135813699582296064000]],[[1]]]
4.18.2 [[[0,0,0,0,14551915228366851806640625],[-314321368932723999023437500,-1471489667892456054687500000,-2830056473612785339355468750,-2717133611440658569335937500,-1236330717802047729492187500],[103714875876903533935546875000,274045020341873168945312500000,290921423584222793579101562500,148667208850383758544921875000,29810983687639236450195312500],[-6276763379573822021484375000000,-11878445327281951904296875000000,-8911133810877799987792968750000,-2957013577222824096679687500000,-269072234630584716796875000000],[167321490883827209472656250000000,243712808489799499511718750000000,133087468600273132324218750000000,25487652111053466796875000000000,-753328406810760498046875000000],[-2548927157735824584960937500000000,-2816112535400390625000000000000000,-974573562314987182617187500000000,17126194805145263671875000000000,41116308267974853515625000000000],[22179839572641906738281250000000000,15496541064781677246093750000000000,-289915164982177734375000000000000,-2767853072800415039062500000000000,-412809502796081542968750000000000],[-74801259289687060546875000000000000,37237281894561708984375000000000000,79266651669967236328125000000000000,30633197770126054687500000000000000,1624619142965742187500000000000000],[-555757831029340687500000000000000000,-1316822681819386434375000000000000000,-789488460721692731250000000000000000,-155216893210194262500000000000000000,6261962196574940625000000000000000],[8250693681903612525000000000000000000,9683990452352450081250000000000000000,3258622918808131466250000000000000000,35043021827983305000000000000000000,-135629747442343890000000000000000000],[-37303528728269765745000000000000000000,-20523883825659582936000000000000000000,5557238700508051522200000000000000000,5650712499328097360400000000000000000,1052899052259552219720000000000000000],[-67828466021084382867552000000000000000,-217755709401637624390214400000000000000,-163263234220877309954457600000000000000,-48675172757257863259430400000000000000,-5382153810637664837875200000000000000],[1924028921387210182549770240000000000000,2415062847655041649513463808000000000000,1139514666840329701716817920000000000000,242904871706907126627680256000000000000,19993794775645787830416384000000000000],[-12561113741475185480247246028800000000000,-12495614174349543939376773365760000000000,-4754436822458657033150333583360000000000,-822475612622853392410734428160000000000,-54757934096372771255961845760000000000],[45386349108238618042449340661760000000000,38978343109723431179171626352640000000000,12731094451863475607404445958144000000000,1875861830785349877716650033152000000000,105286244093322385194433511424000000000],[-86604613825835486596487574454272000000000,-65773027022758205424316088057856000000000,-18791887657747306769759784476344320000000,-2393345316010881938161722552483840000000,-114610390953012981682101716779008000000],[7588949534270745113611487855561932800000,1565473987177263510375434777536757760000,-768418267569436039178002996616232960000,-251440729497617637035328083633111040000,-19169942554161169938720399210577920000],[383503269357011738687998660131919233024000,260565505998824871675693515469231017164800,66073023743643352438879173878501867520000,7411473978660450597403986115358726553600,310292663005736213430380535474447974400],[-688221983330175851460712342833279459655680,-436693234660694915272094855631116609519616,-102823641557067939712284998839972109746176,-10651054503919388177368167210515039256576,-409655942458438006821852585019809202176]]] [-7,24] [[[9765625,-562500000,2585000000,-8089200000,4236192000,25640312832]],[[-1490116119384765625,40769577026367187500,-309877395629882812500,-2322125244140625000000,59829422607421875000000,-419914264218750000000000,351425704275000000000000,16413765201522000000000000,-156501410417390880000000000,845380216648253952000000000,-3150262134544225406976000000,8223719929964592133570560000,-14741411886282537526571827200,15977025910041673816885690368]],[[1]]]
4.18.3 [[[0,0,0,0,14551915228366851806640625],[366708263754844665527343750,1327716745436191558837890625,1571024768054485321044921875,486616045236587524414062500,-1164153218269348144531250],[-17381273210048675537109375000,-69795036688446998596191406250,-72479131631553173065185546875,-30516367405652999877929687500,-16272231005132198333740234375],[-2414273768663406372070312500000,-4311951421201229095458984375000,-3897974662482738494873046875000,-1483484901487827301025390625000,-84061272442340850830078125000],[-103704675614833831787109375000000,-142116748094558715820312500000000,-48041548857092857360839843750000,-2034492534399032592773437500000,3588055184483528137207031250000],[-1932877408146858215332031250000000,-1161546228096485137939453125000000,-45869825021266937255859375000000,226411691956043243408203125000000,3222439950656890869140625000000],[6778190196683349609375000000000000,14126356180017059326171875000000000,9408617830860397338867187500000000,184171565710876464843750000000000,-265714240230422973632812500000000],[223122882714592675781250000000000000,251517548051773857421875000000000000,52981808113562036132812500000000000,2142300639220224609375000000000000,1793948258616811523437500000000000],[-2120225517913035902343750000000000000,-2762341320905253493945312500000000000,-1064341544080833841113281250000000000,-148820193302401829882812500000000000,-13607856843579885058593750000000000],[21099151998567263756250000000000000000,12960718752347382782812500000000000000,2166453613888583045625000000000000000,-9966064122880714687500000000000000,9716032859089961250000000000000000],[168195133629532407352500000000000000000,242178733246144886439750000000000000000,112842873006751954050300000000000000000,21776859418280523924600000000000000000,1443666025971548974530000000000000000],[-4070421329130313674056784000000000000000,-4504728554563330029771388800000000000000,-1792760680149596976423715200000000000000,-306782447509128543389740800000000000000,-19256414350057042567190400000000000000],[48447211567067281689459517440000000000000,39344074057946644310718701568000000000000,12969137823789799273098424320000000000000,2037612971632818554107416576000000000000,125017295196512030557860864000000000000],[-531062409743946348061307520614400000000000,-346264332000573817796430227374080000000000,-84432905723358949303824479354880000000000,-9498210709044784653918223073280000000000,-448618002334428074459211694080000000000],[1344982004645276316485874477957120000000000,1056394072601974903265002098524160000000000,281081717398828736095063201284096000000000,29656622668370862184130562490368000000000,1002626236131768653995957026816000000000],[28676710259853532656445630244192256000000000,16442594074518352955210879006146560000000000,3427177514288183104642783244986613760000000,308191746527531686177982817364869120000000,10209264914360184441259257331974144000000],[-270194623645353167497260427739502162739200000,-167629264749423845468683501619187957104640000,-38379239637277156123404294868821407170560000,-3838043411449952699365122473857583677440000,-141161816961729990690704028588960645120000],[905204805013154123813242330466056270774272000,574173668893209236964885852298152042194534400,135139834249082371407646931265199338946560000,13991950635232617670379698018305264372940800,537858420207855975387961442692605621043200],[-1076399065394697874120247081707701958260817920,-683000835542111865364394874464529933039304704,-160819146079803075240584534231329280668729344,-16658556964441752813765728645476339830226944,-640713729401605877452528024826013070393344]]] [2,3] [[[-244140625,10097656250,-76197265625,196513750000,2043903600000,-13347285926400,19708289777664]],[[59604644775390625,2460479736328125000,16511535644531250000,-381346435546875000000,-3749640820312500000000,7764289425000000000000,104617619840250000000000,2336930721139680000000000,5305667549565312000000000,-146705567595996856320000000,219309774153600018677760000,-5273924461959550524928819200,32509859385553895025851498496]],[[1]]]
4.18.4 [[[0,0,0,0,1296],[-9072,-59616,-156636,-194040,-132552],[649332,3016440,6069697,6404206,3305113],[-15489180,-63679392,-108265181,-93415794,-38636254],[184349683,689221538,1036668572,764158344,256670733],[-1217504498,-4199976622,-5722058716,-3757797824,-1069676441],[4453297047,14417904540,18342984749,11509059738,3046889312],[-7538554014,-24242800968,-32019404863,-23131598018,-6642155473],[-2217916588,2693754492,23482058066,35138697668,12431498126],[31392134620,57111713196,2644437756,-48881126712,-20152019990],[-49102102354,-82337880208,-1614281629,56670410178,26413304169],[31465171724,47360089904,-6364831971,-39036891766,-28479483424],[-18381816153,-43718118390,-26430580224,14524633248,26803569313],[24930556682,62656633898,41804612332,-10542306176,-18753392101],[-20759304217,-48901375684,-32921264817,554448182,6038807150],[20722418334,54976569672,51517404847,19282089834,2052372607],[-19482970286,-50064524952,-45601915294,-17408031212,-2358478876],[2706689804,7548439080,7574493472,3207860656,475116460],[-120571360,-346212048,-363436528,-165355008,-27559168]]] [-31,18] [[[-1,84,-906,3857,-7757,7118,-2040,-1187,832]],[[1296,-23688,141145,-320074,489459,-1205832,1507363,-940530,2168637,-523796,33124]],[[1]]]
4.24.3 [[[0,0,0,0,25],[-175,-1275,-3610,-4670,-2455],[-7105,-20470,-12151,6232,7159],[9625,44940,125256,85536,18758],[-420741,-1509010,-1781630,-465824,107306],[-1419015,-261976,5441440,1297608,-740094],[5729271,9227454,1828778,-2630928,-425070],[-18761303,-45688692,-31322144,20716304,2418550],[20525227,111390334,123192250,-80918752,12130172],[28117691,-122394558,-258415980,87187836,-17292844],[-112842235,-35556398,209801740,52258560,-77350272],[132064403,173105868,-61487240,-275075696,169708186],[145105369,449099274,662207782,721961664,10381942],[-327432741,-987704752,-1274259392,-976538840,-297104050],[-797694603,-1393177990,-741766394,18861264,221581518],[2173936059,4492131828,3568249520,1320217008,114705522],[-1307246399,-3051898566,-2802678530,-1230081376,-224356709],[-686884832,-914043647,-252661082,95408210,65530931],[1461946064,2593842540,1706476923,512911848,56745577],[-929964816,-1605517784,-1038479824,-315295600,-43229384],[215733696,292063696,127797920,22521120,2712240],[45313152,125562816,116523904,44297088,6221888],[-29402112,-59916672,-44465088,-14128896,-1644480],[405504,-465408,-1631232,-1115136,-235008],[1769472,3538944,2654208,884736,110592]]] [-41,15] [[[-1,98,-274,-173,1371,-1616,384,475,-328,64]],[[-25,55,96,1688,-5882,-258,-25208,133616,-147045,55411,19664,-17136,1728,1728]],[[1,2,1]]]
4.5.6 [[[0,0,0,0,9],[-72,-396,-876,-960,-768],[9600,40320,67456,56320,24832],[-270336,-1069056,-1626112,-1179648,-385024],[2490368,10092544,15335424,10485760,2883584],[-8388608,-33554432,-50331648,-33554432,-8388608]]] [-1,3] [[[-1,32]],[[9,-480,9472,-81920,262144]],[[1]]]
4.14.9 [[[0,0,0,0,9],[-84,-492,-1260,-1536,96],[-6864,10880,56576,1024,-43520],[1076224,479232,-845824,4079616,344064],[65409024,187596800,179568640,-29622272,68157440],[-2370568192,-5837160448,-5052301312,-1820327936,-1499463680],[-168944467968,-283316846592,-216056987648,-79725330432,-21424504832],[3423088934912,7408818585600,6578010849280,2972117368832,764504178688],[166010686537728,215731912310784,106223131164672,21440476741632,1430224109568],[-3150667749261312,-5339245644349440,-3494471291371520,-1090165778939904,-150495654051840],[-55062786404777984,-51548953400836096,-16007789788790784,-1376588557975552,70368744177664],[1004008047787376640,1293008082078531584,644955928667357184,150237268819312640,14284855068065792],[7178051710772838400,5993305941611642880,1738389456165011456,199284283511144448,7318349394477056],[-93691760747908956160,-100458419188033126400,-41630149055506022400,-7926335344172072960,-585467951558164480],[-461168601842738790400,-461168601842738790400,-172938225691027046400,-28823037615171174400,-1801439850948198400]]] [40,9] [[[1,16]],[[9,384,-31232,-729088,42270720,134217728,-13203668992,-52076478464,1434519076864,12369505812480,27487790694400]],[[1]]]
4.5.73 [[[0,0,0,0,1],[-8,-64,-196,-264,-216],[-2464,-12416,-19504,-4896,6672],[5888,110592,406784,491520,42496],[57344,-229376,-1978368,-3670016,-2179072],[-2408448,-11239424,-18464768,-12845056,-3211264]]] [-9,2] [[[-1,160,3072,4096]],[[1,-56,784]],[[1]]]
HV [[[0,0,0,1],[-4,-18,-30,-20],[64,192,192,64]]] [0,1] [[[1,-20,64]],[],[]]
quartic [[[0,0,0,1],[-24,-176,-384,-256]]] [0,1] [[[1,-256]],[],[]]

